Timing Analyzer report for uart_rx
Mon Nov 10 17:27:37 2025
Quartus Prime Version 20.1.1 Build 720 11/11/2020 SJ Lite Edition


---------------------
; Table of Contents ;
---------------------
  1. Legal Notice
  2. Timing Analyzer Summary
  3. Parallel Compilation
  4. Clocks
  5. Slow 1200mV 85C Model Fmax Summary
  6. Timing Closure Recommendations
  7. Slow 1200mV 85C Model Setup Summary
  8. Slow 1200mV 85C Model Hold Summary
  9. Slow 1200mV 85C Model Recovery Summary
 10. Slow 1200mV 85C Model Removal Summary
 11. Slow 1200mV 85C Model Minimum Pulse Width Summary
 12. Slow 1200mV 85C Model Setup: 'clk_3125'
 13. Slow 1200mV 85C Model Hold: 'clk_3125'
 14. Slow 1200mV 85C Model Metastability Summary
 15. Slow 1200mV 0C Model Fmax Summary
 16. Slow 1200mV 0C Model Setup Summary
 17. Slow 1200mV 0C Model Hold Summary
 18. Slow 1200mV 0C Model Recovery Summary
 19. Slow 1200mV 0C Model Removal Summary
 20. Slow 1200mV 0C Model Minimum Pulse Width Summary
 21. Slow 1200mV 0C Model Setup: 'clk_3125'
 22. Slow 1200mV 0C Model Hold: 'clk_3125'
 23. Slow 1200mV 0C Model Metastability Summary
 24. Fast 1200mV 0C Model Setup Summary
 25. Fast 1200mV 0C Model Hold Summary
 26. Fast 1200mV 0C Model Recovery Summary
 27. Fast 1200mV 0C Model Removal Summary
 28. Fast 1200mV 0C Model Minimum Pulse Width Summary
 29. Fast 1200mV 0C Model Setup: 'clk_3125'
 30. Fast 1200mV 0C Model Hold: 'clk_3125'
 31. Fast 1200mV 0C Model Metastability Summary
 32. Multicorner Timing Analysis Summary
 33. Board Trace Model Assignments
 34. Input Transition Times
 35. Signal Integrity Metrics (Slow 1200mv 0c Model)
 36. Signal Integrity Metrics (Slow 1200mv 85c Model)
 37. Signal Integrity Metrics (Fast 1200mv 0c Model)
 38. Setup Transfers
 39. Hold Transfers
 40. Report TCCS
 41. Report RSKM
 42. Unconstrained Paths Summary
 43. Clock Status Summary
 44. Unconstrained Input Ports
 45. Unconstrained Output Ports
 46. Unconstrained Input Ports
 47. Unconstrained Output Ports
 48. Timing Analyzer Messages



----------------
; Legal Notice ;
----------------
Copyright (C) 2020  Intel Corporation. All rights reserved.
Your use of Intel Corporation's design tools, logic functions 
and other software and tools, and any partner logic 
functions, and any output files from any of the foregoing 
(including device programming or simulation files), and any 
associated documentation or information are expressly subject 
to the terms and conditions of the Intel Program License 
Subscription Agreement, the Intel Quartus Prime License Agreement,
the Intel FPGA IP License Agreement, or other applicable license
agreement, including, without limitation, that your use is for
the sole purpose of programming logic devices manufactured by
Intel and sold by Intel or its authorized distributors.  Please
refer to the applicable agreement for further details, at
https://fpgasoftware.intel.com/eula.



+-----------------------------------------------------------------------------+
; Timing Analyzer Summary                                                     ;
+-----------------------+-----------------------------------------------------+
; Quartus Prime Version ; Version 20.1.1 Build 720 11/11/2020 SJ Lite Edition ;
; Timing Analyzer       ; Legacy Timing Analyzer                              ;
; Revision Name         ; uart_rx                                             ;
; Device Family         ; Cyclone IV E                                        ;
; Device Name           ; EP4CE22F17C6                                        ;
; Timing Models         ; Final                                               ;
; Delay Model           ; Combined                                            ;
; Rise/Fall Delays      ; Enabled                                             ;
+-----------------------+-----------------------------------------------------+


+------------------------------------------+
; Parallel Compilation                     ;
+----------------------------+-------------+
; Processors                 ; Number      ;
+----------------------------+-------------+
; Number detected on machine ; 16          ;
; Maximum allowed            ; 12          ;
;                            ;             ;
; Average used               ; 1.05        ;
; Maximum used               ; 12          ;
;                            ;             ;
; Usage by Processor         ; % Time Used ;
;     Processor 1            ; 100.0%      ;
;     Processors 2-12        ;   0.5%      ;
+----------------------------+-------------+


+--------------------------------------------------------------------------------------------------------------------------------------------------------------------------------------+
; Clocks                                                                                                                                                                               ;
+------------+------+--------+------------+-------+-------+------------+-----------+-------------+-------+--------+-----------+------------+----------+--------+--------+--------------+
; Clock Name ; Type ; Period ; Frequency  ; Rise  ; Fall  ; Duty Cycle ; Divide by ; Multiply by ; Phase ; Offset ; Edge List ; Edge Shift ; Inverted ; Master ; Source ; Targets      ;
+------------+------+--------+------------+-------+-------+------------+-----------+-------------+-------+--------+-----------+------------+----------+--------+--------+--------------+
; clk_3125   ; Base ; 1.000  ; 1000.0 MHz ; 0.000 ; 0.500 ;            ;           ;             ;       ;        ;           ;            ;          ;        ;        ; { clk_3125 } ;
+------------+------+--------+------------+-------+-------+------------+-----------+-------------+-------+--------+-----------+------------+----------+--------+--------+--------------+


+--------------------------------------------------+
; Slow 1200mV 85C Model Fmax Summary               ;
+------------+-----------------+------------+------+
; Fmax       ; Restricted Fmax ; Clock Name ; Note ;
+------------+-----------------+------------+------+
; 170.04 MHz ; 170.04 MHz      ; clk_3125   ;      ;
+------------+-----------------+------------+------+
This panel reports FMAX for every clock in the design, regardless of the user-specified clock periods.  FMAX is only computed for paths where the source and destination registers or ports are driven by the same clock.  Paths of different clocks, including generated clocks, are ignored.  For paths between a clock and its inversion, FMAX is computed as if the rising and falling edges are scaled along with FMAX, such that the duty cycle (in terms of a percentage) is maintained. Altera recommends that you always use clock constraints and other slack reports for sign-off analysis.


----------------------------------
; Timing Closure Recommendations ;
----------------------------------
HTML report is unavailable in plain text report export.


+-------------------------------------+
; Slow 1200mV 85C Model Setup Summary ;
+----------+--------+-----------------+
; Clock    ; Slack  ; End Point TNS   ;
+----------+--------+-----------------+
; clk_3125 ; -4.881 ; -378.792        ;
+----------+--------+-----------------+


+------------------------------------+
; Slow 1200mV 85C Model Hold Summary ;
+----------+-------+-----------------+
; Clock    ; Slack ; End Point TNS   ;
+----------+-------+-----------------+
; clk_3125 ; 0.343 ; 0.000           ;
+----------+-------+-----------------+


------------------------------------------
; Slow 1200mV 85C Model Recovery Summary ;
------------------------------------------
No paths to report.


-----------------------------------------
; Slow 1200mV 85C Model Removal Summary ;
-----------------------------------------
No paths to report.


+---------------------------------------------------+
; Slow 1200mV 85C Model Minimum Pulse Width Summary ;
+----------+--------+-------------------------------+
; Clock    ; Slack  ; End Point TNS                 ;
+----------+--------+-------------------------------+
; clk_3125 ; -3.000 ; -91.000                       ;
+----------+--------+-------------------------------+


+------------------------------------------------------------------------------------------------------------------+
; Slow 1200mV 85C Model Setup: 'clk_3125'                                                                          ;
+--------+-----------------+-----------------+--------------+-------------+--------------+------------+------------+
; Slack  ; From Node       ; To Node         ; Launch Clock ; Latch Clock ; Relationship ; Clock Skew ; Data Delay ;
+--------+-----------------+-----------------+--------------+-------------+--------------+------------+------------+
; -4.881 ; bit_counter[0]  ; rx_buffer[2]    ; clk_3125     ; clk_3125    ; 1.000        ; 0.263      ; 6.139      ;
; -4.881 ; bit_counter[0]  ; rx_buffer[6]    ; clk_3125     ; clk_3125    ; 1.000        ; 0.263      ; 6.139      ;
; -4.838 ; bit_counter[0]  ; rx_buffer[7]    ; clk_3125     ; clk_3125    ; 1.000        ; 0.263      ; 6.096      ;
; -4.837 ; bit_counter[0]  ; rx_buffer[3]    ; clk_3125     ; clk_3125    ; 1.000        ; 0.263      ; 6.095      ;
; -4.813 ; bit_counter[1]  ; rx_buffer[2]    ; clk_3125     ; clk_3125    ; 1.000        ; 0.263      ; 6.071      ;
; -4.813 ; bit_counter[1]  ; rx_buffer[6]    ; clk_3125     ; clk_3125    ; 1.000        ; 0.263      ; 6.071      ;
; -4.770 ; bit_counter[1]  ; rx_buffer[7]    ; clk_3125     ; clk_3125    ; 1.000        ; 0.263      ; 6.028      ;
; -4.769 ; bit_counter[1]  ; rx_buffer[3]    ; clk_3125     ; clk_3125    ; 1.000        ; 0.263      ; 6.027      ;
; -4.746 ; bit_counter[2]  ; rx_buffer[2]    ; clk_3125     ; clk_3125    ; 1.000        ; 0.263      ; 6.004      ;
; -4.746 ; bit_counter[2]  ; rx_buffer[6]    ; clk_3125     ; clk_3125    ; 1.000        ; 0.263      ; 6.004      ;
; -4.703 ; bit_counter[2]  ; rx_buffer[7]    ; clk_3125     ; clk_3125    ; 1.000        ; 0.263      ; 5.961      ;
; -4.702 ; bit_counter[2]  ; rx_buffer[3]    ; clk_3125     ; clk_3125    ; 1.000        ; 0.263      ; 5.960      ;
; -4.670 ; bit_counter[3]  ; rx_buffer[2]    ; clk_3125     ; clk_3125    ; 1.000        ; 0.263      ; 5.928      ;
; -4.670 ; bit_counter[3]  ; rx_buffer[6]    ; clk_3125     ; clk_3125    ; 1.000        ; 0.263      ; 5.928      ;
; -4.650 ; bit_counter[0]  ; rx_buffer[8]    ; clk_3125     ; clk_3125    ; 1.000        ; 0.291      ; 5.936      ;
; -4.646 ; bit_counter[0]  ; rx_buffer[4]    ; clk_3125     ; clk_3125    ; 1.000        ; 0.291      ; 5.932      ;
; -4.645 ; bit_counter[9]  ; rx_buffer[2]    ; clk_3125     ; clk_3125    ; 1.000        ; -0.077     ; 5.563      ;
; -4.645 ; bit_counter[9]  ; rx_buffer[6]    ; clk_3125     ; clk_3125    ; 1.000        ; -0.077     ; 5.563      ;
; -4.627 ; bit_counter[3]  ; rx_buffer[7]    ; clk_3125     ; clk_3125    ; 1.000        ; 0.263      ; 5.885      ;
; -4.626 ; bit_counter[3]  ; rx_buffer[3]    ; clk_3125     ; clk_3125    ; 1.000        ; 0.263      ; 5.884      ;
; -4.619 ; bit_counter[4]  ; rx_buffer[2]    ; clk_3125     ; clk_3125    ; 1.000        ; 0.263      ; 5.877      ;
; -4.619 ; bit_counter[4]  ; rx_buffer[6]    ; clk_3125     ; clk_3125    ; 1.000        ; 0.263      ; 5.877      ;
; -4.602 ; bit_counter[9]  ; rx_buffer[7]    ; clk_3125     ; clk_3125    ; 1.000        ; -0.077     ; 5.520      ;
; -4.601 ; bit_counter[9]  ; rx_buffer[3]    ; clk_3125     ; clk_3125    ; 1.000        ; -0.077     ; 5.519      ;
; -4.582 ; bit_counter[1]  ; rx_buffer[8]    ; clk_3125     ; clk_3125    ; 1.000        ; 0.291      ; 5.868      ;
; -4.578 ; bit_counter[1]  ; rx_buffer[4]    ; clk_3125     ; clk_3125    ; 1.000        ; 0.291      ; 5.864      ;
; -4.576 ; bit_counter[4]  ; rx_buffer[7]    ; clk_3125     ; clk_3125    ; 1.000        ; 0.263      ; 5.834      ;
; -4.575 ; bit_counter[4]  ; rx_buffer[3]    ; clk_3125     ; clk_3125    ; 1.000        ; 0.263      ; 5.833      ;
; -4.574 ; bit_counter[5]  ; rx_buffer[2]    ; clk_3125     ; clk_3125    ; 1.000        ; 0.263      ; 5.832      ;
; -4.574 ; bit_counter[5]  ; rx_buffer[6]    ; clk_3125     ; clk_3125    ; 1.000        ; 0.263      ; 5.832      ;
; -4.559 ; clk_counter[6]  ; bit_counter[0]  ; clk_3125     ; clk_3125    ; 1.000        ; -0.062     ; 5.492      ;
; -4.559 ; clk_counter[6]  ; bit_counter[1]  ; clk_3125     ; clk_3125    ; 1.000        ; -0.062     ; 5.492      ;
; -4.559 ; clk_counter[6]  ; bit_counter[2]  ; clk_3125     ; clk_3125    ; 1.000        ; -0.062     ; 5.492      ;
; -4.559 ; clk_counter[6]  ; bit_counter[3]  ; clk_3125     ; clk_3125    ; 1.000        ; -0.062     ; 5.492      ;
; -4.559 ; clk_counter[6]  ; bit_counter[4]  ; clk_3125     ; clk_3125    ; 1.000        ; -0.062     ; 5.492      ;
; -4.559 ; clk_counter[6]  ; bit_counter[5]  ; clk_3125     ; clk_3125    ; 1.000        ; -0.062     ; 5.492      ;
; -4.559 ; clk_counter[6]  ; bit_counter[6]  ; clk_3125     ; clk_3125    ; 1.000        ; -0.062     ; 5.492      ;
; -4.559 ; clk_counter[6]  ; bit_counter[7]  ; clk_3125     ; clk_3125    ; 1.000        ; -0.062     ; 5.492      ;
; -4.559 ; clk_counter[6]  ; bit_counter[8]  ; clk_3125     ; clk_3125    ; 1.000        ; -0.062     ; 5.492      ;
; -4.559 ; clk_counter[6]  ; bit_counter[10] ; clk_3125     ; clk_3125    ; 1.000        ; -0.062     ; 5.492      ;
; -4.541 ; bit_counter[11] ; rx_buffer[2]    ; clk_3125     ; clk_3125    ; 1.000        ; -0.077     ; 5.459      ;
; -4.541 ; bit_counter[11] ; rx_buffer[6]    ; clk_3125     ; clk_3125    ; 1.000        ; -0.077     ; 5.459      ;
; -4.540 ; bit_counter[6]  ; rx_buffer[2]    ; clk_3125     ; clk_3125    ; 1.000        ; 0.263      ; 5.798      ;
; -4.540 ; bit_counter[6]  ; rx_buffer[6]    ; clk_3125     ; clk_3125    ; 1.000        ; 0.263      ; 5.798      ;
; -4.536 ; bit_counter[12] ; rx_buffer[2]    ; clk_3125     ; clk_3125    ; 1.000        ; -0.077     ; 5.454      ;
; -4.536 ; bit_counter[12] ; rx_buffer[6]    ; clk_3125     ; clk_3125    ; 1.000        ; -0.077     ; 5.454      ;
; -4.531 ; bit_counter[5]  ; rx_buffer[7]    ; clk_3125     ; clk_3125    ; 1.000        ; 0.263      ; 5.789      ;
; -4.530 ; bit_counter[5]  ; rx_buffer[3]    ; clk_3125     ; clk_3125    ; 1.000        ; 0.263      ; 5.788      ;
; -4.527 ; bit_counter[0]  ; rx_buffer[0]    ; clk_3125     ; clk_3125    ; 1.000        ; 0.261      ; 5.783      ;
; -4.515 ; bit_counter[2]  ; rx_buffer[8]    ; clk_3125     ; clk_3125    ; 1.000        ; 0.291      ; 5.801      ;
; -4.514 ; bit_counter[14] ; clk_counter[16] ; clk_3125     ; clk_3125    ; 1.000        ; -0.401     ; 5.108      ;
; -4.514 ; bit_counter[14] ; clk_counter[17] ; clk_3125     ; clk_3125    ; 1.000        ; -0.401     ; 5.108      ;
; -4.514 ; bit_counter[14] ; clk_counter[18] ; clk_3125     ; clk_3125    ; 1.000        ; -0.401     ; 5.108      ;
; -4.514 ; bit_counter[14] ; clk_counter[19] ; clk_3125     ; clk_3125    ; 1.000        ; -0.401     ; 5.108      ;
; -4.514 ; bit_counter[14] ; clk_counter[20] ; clk_3125     ; clk_3125    ; 1.000        ; -0.401     ; 5.108      ;
; -4.514 ; bit_counter[14] ; clk_counter[26] ; clk_3125     ; clk_3125    ; 1.000        ; -0.401     ; 5.108      ;
; -4.514 ; bit_counter[14] ; clk_counter[21] ; clk_3125     ; clk_3125    ; 1.000        ; -0.401     ; 5.108      ;
; -4.514 ; bit_counter[14] ; clk_counter[22] ; clk_3125     ; clk_3125    ; 1.000        ; -0.401     ; 5.108      ;
; -4.514 ; bit_counter[14] ; clk_counter[23] ; clk_3125     ; clk_3125    ; 1.000        ; -0.401     ; 5.108      ;
; -4.514 ; bit_counter[14] ; clk_counter[24] ; clk_3125     ; clk_3125    ; 1.000        ; -0.401     ; 5.108      ;
; -4.514 ; bit_counter[14] ; clk_counter[25] ; clk_3125     ; clk_3125    ; 1.000        ; -0.401     ; 5.108      ;
; -4.514 ; bit_counter[14] ; clk_counter[28] ; clk_3125     ; clk_3125    ; 1.000        ; -0.401     ; 5.108      ;
; -4.514 ; bit_counter[14] ; clk_counter[27] ; clk_3125     ; clk_3125    ; 1.000        ; -0.401     ; 5.108      ;
; -4.514 ; bit_counter[14] ; clk_counter[30] ; clk_3125     ; clk_3125    ; 1.000        ; -0.401     ; 5.108      ;
; -4.514 ; bit_counter[14] ; clk_counter[29] ; clk_3125     ; clk_3125    ; 1.000        ; -0.401     ; 5.108      ;
; -4.514 ; bit_counter[14] ; clk_counter[31] ; clk_3125     ; clk_3125    ; 1.000        ; -0.401     ; 5.108      ;
; -4.511 ; bit_counter[2]  ; rx_buffer[4]    ; clk_3125     ; clk_3125    ; 1.000        ; 0.291      ; 5.797      ;
; -4.498 ; bit_counter[11] ; rx_buffer[7]    ; clk_3125     ; clk_3125    ; 1.000        ; -0.077     ; 5.416      ;
; -4.497 ; bit_counter[6]  ; rx_buffer[7]    ; clk_3125     ; clk_3125    ; 1.000        ; 0.263      ; 5.755      ;
; -4.497 ; bit_counter[11] ; rx_buffer[3]    ; clk_3125     ; clk_3125    ; 1.000        ; -0.077     ; 5.415      ;
; -4.496 ; bit_counter[6]  ; rx_buffer[3]    ; clk_3125     ; clk_3125    ; 1.000        ; 0.263      ; 5.754      ;
; -4.493 ; bit_counter[12] ; rx_buffer[7]    ; clk_3125     ; clk_3125    ; 1.000        ; -0.077     ; 5.411      ;
; -4.492 ; bit_counter[12] ; rx_buffer[3]    ; clk_3125     ; clk_3125    ; 1.000        ; -0.077     ; 5.410      ;
; -4.482 ; bit_counter[12] ; clk_counter[16] ; clk_3125     ; clk_3125    ; 1.000        ; -0.401     ; 5.076      ;
; -4.482 ; bit_counter[12] ; clk_counter[17] ; clk_3125     ; clk_3125    ; 1.000        ; -0.401     ; 5.076      ;
; -4.482 ; bit_counter[12] ; clk_counter[18] ; clk_3125     ; clk_3125    ; 1.000        ; -0.401     ; 5.076      ;
; -4.482 ; bit_counter[12] ; clk_counter[19] ; clk_3125     ; clk_3125    ; 1.000        ; -0.401     ; 5.076      ;
; -4.482 ; bit_counter[12] ; clk_counter[20] ; clk_3125     ; clk_3125    ; 1.000        ; -0.401     ; 5.076      ;
; -4.482 ; bit_counter[12] ; clk_counter[26] ; clk_3125     ; clk_3125    ; 1.000        ; -0.401     ; 5.076      ;
; -4.482 ; bit_counter[12] ; clk_counter[21] ; clk_3125     ; clk_3125    ; 1.000        ; -0.401     ; 5.076      ;
; -4.482 ; bit_counter[12] ; clk_counter[22] ; clk_3125     ; clk_3125    ; 1.000        ; -0.401     ; 5.076      ;
; -4.482 ; bit_counter[12] ; clk_counter[23] ; clk_3125     ; clk_3125    ; 1.000        ; -0.401     ; 5.076      ;
; -4.482 ; bit_counter[12] ; clk_counter[24] ; clk_3125     ; clk_3125    ; 1.000        ; -0.401     ; 5.076      ;
; -4.482 ; bit_counter[12] ; clk_counter[25] ; clk_3125     ; clk_3125    ; 1.000        ; -0.401     ; 5.076      ;
; -4.482 ; bit_counter[12] ; clk_counter[28] ; clk_3125     ; clk_3125    ; 1.000        ; -0.401     ; 5.076      ;
; -4.482 ; bit_counter[12] ; clk_counter[27] ; clk_3125     ; clk_3125    ; 1.000        ; -0.401     ; 5.076      ;
; -4.482 ; bit_counter[12] ; clk_counter[30] ; clk_3125     ; clk_3125    ; 1.000        ; -0.401     ; 5.076      ;
; -4.482 ; bit_counter[12] ; clk_counter[29] ; clk_3125     ; clk_3125    ; 1.000        ; -0.401     ; 5.076      ;
; -4.482 ; bit_counter[12] ; clk_counter[31] ; clk_3125     ; clk_3125    ; 1.000        ; -0.401     ; 5.076      ;
; -4.475 ; bit_counter[14] ; clk_counter[0]  ; clk_3125     ; clk_3125    ; 1.000        ; -0.402     ; 5.068      ;
; -4.475 ; bit_counter[14] ; clk_counter[9]  ; clk_3125     ; clk_3125    ; 1.000        ; -0.402     ; 5.068      ;
; -4.475 ; bit_counter[14] ; clk_counter[2]  ; clk_3125     ; clk_3125    ; 1.000        ; -0.402     ; 5.068      ;
; -4.475 ; bit_counter[14] ; clk_counter[3]  ; clk_3125     ; clk_3125    ; 1.000        ; -0.402     ; 5.068      ;
; -4.475 ; bit_counter[14] ; clk_counter[4]  ; clk_3125     ; clk_3125    ; 1.000        ; -0.402     ; 5.068      ;
; -4.475 ; bit_counter[14] ; clk_counter[5]  ; clk_3125     ; clk_3125    ; 1.000        ; -0.402     ; 5.068      ;
; -4.475 ; bit_counter[14] ; clk_counter[6]  ; clk_3125     ; clk_3125    ; 1.000        ; -0.402     ; 5.068      ;
; -4.475 ; bit_counter[14] ; clk_counter[7]  ; clk_3125     ; clk_3125    ; 1.000        ; -0.402     ; 5.068      ;
; -4.475 ; bit_counter[14] ; clk_counter[8]  ; clk_3125     ; clk_3125    ; 1.000        ; -0.402     ; 5.068      ;
; -4.475 ; bit_counter[14] ; clk_counter[11] ; clk_3125     ; clk_3125    ; 1.000        ; -0.402     ; 5.068      ;
; -4.475 ; bit_counter[14] ; clk_counter[10] ; clk_3125     ; clk_3125    ; 1.000        ; -0.402     ; 5.068      ;
+--------+-----------------+-----------------+--------------+-------------+--------------+------------+------------+


+-------------------------------------------------------------------------------------------------------------------------------+
; Slow 1200mV 85C Model Hold: 'clk_3125'                                                                                        ;
+-------+------------------------+------------------------+--------------+-------------+--------------+------------+------------+
; Slack ; From Node              ; To Node                ; Launch Clock ; Latch Clock ; Relationship ; Clock Skew ; Data Delay ;
+-------+------------------------+------------------------+--------------+-------------+--------------+------------+------------+
; 0.343 ; rx_buffer[5]           ; rx_buffer[5]           ; clk_3125     ; clk_3125    ; 0.000        ; 0.077      ; 0.577      ;
; 0.343 ; rx_buffer[4]           ; rx_buffer[4]           ; clk_3125     ; clk_3125    ; 0.000        ; 0.077      ; 0.577      ;
; 0.343 ; rx_buffer[1]           ; rx_buffer[1]           ; clk_3125     ; clk_3125    ; 0.000        ; 0.077      ; 0.577      ;
; 0.343 ; rx_buffer[8]           ; rx_buffer[8]           ; clk_3125     ; clk_3125    ; 0.000        ; 0.077      ; 0.577      ;
; 0.344 ; rx_buffer[2]           ; rx_buffer[2]           ; clk_3125     ; clk_3125    ; 0.000        ; 0.076      ; 0.577      ;
; 0.344 ; rx_buffer[3]           ; rx_buffer[3]           ; clk_3125     ; clk_3125    ; 0.000        ; 0.076      ; 0.577      ;
; 0.344 ; rx_buffer[6]           ; rx_buffer[6]           ; clk_3125     ; clk_3125    ; 0.000        ; 0.076      ; 0.577      ;
; 0.344 ; rx_buffer[7]           ; rx_buffer[7]           ; clk_3125     ; clk_3125    ; 0.000        ; 0.076      ; 0.577      ;
; 0.345 ; rx_buffer[0]           ; rx_buffer[0]           ; clk_3125     ; clk_3125    ; 0.000        ; 0.075      ; 0.577      ;
; 0.358 ; rx_complete~reg0       ; rx_complete~reg0       ; clk_3125     ; clk_3125    ; 0.000        ; 0.062      ; 0.577      ;
; 0.358 ; current_state.S_PARITY ; current_state.S_PARITY ; clk_3125     ; clk_3125    ; 0.000        ; 0.062      ; 0.577      ;
; 0.358 ; current_state.S_STOP   ; current_state.S_STOP   ; clk_3125     ; clk_3125    ; 0.000        ; 0.062      ; 0.577      ;
; 0.358 ; current_state.S_MSG    ; current_state.S_MSG    ; clk_3125     ; clk_3125    ; 0.000        ; 0.062      ; 0.577      ;
; 0.358 ; current_state.S_START  ; current_state.S_START  ; clk_3125     ; clk_3125    ; 0.000        ; 0.062      ; 0.577      ;
; 0.520 ; bit_counter[10]        ; bit_counter[11]        ; clk_3125     ; clk_3125    ; 0.000        ; 0.402      ; 1.079      ;
; 0.522 ; bit_counter[10]        ; bit_counter[12]        ; clk_3125     ; clk_3125    ; 0.000        ; 0.402      ; 1.081      ;
; 0.539 ; bit_counter[8]         ; bit_counter[9]         ; clk_3125     ; clk_3125    ; 0.000        ; 0.402      ; 1.098      ;
; 0.555 ; bit_counter[13]        ; bit_counter[13]        ; clk_3125     ; clk_3125    ; 0.000        ; 0.075      ; 0.787      ;
; 0.555 ; bit_counter[15]        ; bit_counter[15]        ; clk_3125     ; clk_3125    ; 0.000        ; 0.075      ; 0.787      ;
; 0.555 ; bit_counter[19]        ; bit_counter[19]        ; clk_3125     ; clk_3125    ; 0.000        ; 0.076      ; 0.788      ;
; 0.555 ; bit_counter[29]        ; bit_counter[29]        ; clk_3125     ; clk_3125    ; 0.000        ; 0.076      ; 0.788      ;
; 0.556 ; bit_counter[17]        ; bit_counter[17]        ; clk_3125     ; clk_3125    ; 0.000        ; 0.076      ; 0.789      ;
; 0.556 ; bit_counter[21]        ; bit_counter[21]        ; clk_3125     ; clk_3125    ; 0.000        ; 0.076      ; 0.789      ;
; 0.556 ; bit_counter[31]        ; bit_counter[31]        ; clk_3125     ; clk_3125    ; 0.000        ; 0.076      ; 0.789      ;
; 0.557 ; bit_counter[16]        ; bit_counter[16]        ; clk_3125     ; clk_3125    ; 0.000        ; 0.076      ; 0.790      ;
; 0.558 ; bit_counter[18]        ; bit_counter[18]        ; clk_3125     ; clk_3125    ; 0.000        ; 0.076      ; 0.791      ;
; 0.558 ; bit_counter[23]        ; bit_counter[23]        ; clk_3125     ; clk_3125    ; 0.000        ; 0.076      ; 0.791      ;
; 0.558 ; bit_counter[25]        ; bit_counter[25]        ; clk_3125     ; clk_3125    ; 0.000        ; 0.076      ; 0.791      ;
; 0.558 ; bit_counter[9]         ; bit_counter[9]         ; clk_3125     ; clk_3125    ; 0.000        ; 0.075      ; 0.790      ;
; 0.559 ; bit_counter[14]        ; bit_counter[14]        ; clk_3125     ; clk_3125    ; 0.000        ; 0.075      ; 0.791      ;
; 0.559 ; bit_counter[30]        ; bit_counter[30]        ; clk_3125     ; clk_3125    ; 0.000        ; 0.076      ; 0.792      ;
; 0.560 ; bit_counter[26]        ; bit_counter[26]        ; clk_3125     ; clk_3125    ; 0.000        ; 0.076      ; 0.793      ;
; 0.560 ; bit_counter[20]        ; bit_counter[20]        ; clk_3125     ; clk_3125    ; 0.000        ; 0.076      ; 0.793      ;
; 0.560 ; bit_counter[24]        ; bit_counter[24]        ; clk_3125     ; clk_3125    ; 0.000        ; 0.076      ; 0.793      ;
; 0.560 ; bit_counter[28]        ; bit_counter[28]        ; clk_3125     ; clk_3125    ; 0.000        ; 0.076      ; 0.793      ;
; 0.568 ; clk_counter[3]         ; clk_counter[3]         ; clk_3125     ; clk_3125    ; 0.000        ; 0.062      ; 0.787      ;
; 0.568 ; clk_counter[13]        ; clk_counter[13]        ; clk_3125     ; clk_3125    ; 0.000        ; 0.062      ; 0.787      ;
; 0.568 ; clk_counter[15]        ; clk_counter[15]        ; clk_3125     ; clk_3125    ; 0.000        ; 0.062      ; 0.787      ;
; 0.569 ; clk_counter[5]         ; clk_counter[5]         ; clk_3125     ; clk_3125    ; 0.000        ; 0.062      ; 0.788      ;
; 0.569 ; clk_counter[11]        ; clk_counter[11]        ; clk_3125     ; clk_3125    ; 0.000        ; 0.062      ; 0.788      ;
; 0.569 ; clk_counter[1]         ; clk_counter[1]         ; clk_3125     ; clk_3125    ; 0.000        ; 0.062      ; 0.788      ;
; 0.569 ; bit_counter[5]         ; bit_counter[5]         ; clk_3125     ; clk_3125    ; 0.000        ; 0.062      ; 0.788      ;
; 0.570 ; clk_counter[6]         ; clk_counter[6]         ; clk_3125     ; clk_3125    ; 0.000        ; 0.062      ; 0.789      ;
; 0.570 ; clk_counter[19]        ; clk_counter[19]        ; clk_3125     ; clk_3125    ; 0.000        ; 0.061      ; 0.788      ;
; 0.570 ; clk_counter[29]        ; clk_counter[29]        ; clk_3125     ; clk_3125    ; 0.000        ; 0.061      ; 0.788      ;
; 0.571 ; clk_counter[9]         ; clk_counter[9]         ; clk_3125     ; clk_3125    ; 0.000        ; 0.062      ; 0.790      ;
; 0.571 ; clk_counter[7]         ; clk_counter[7]         ; clk_3125     ; clk_3125    ; 0.000        ; 0.062      ; 0.790      ;
; 0.571 ; clk_counter[17]        ; clk_counter[17]        ; clk_3125     ; clk_3125    ; 0.000        ; 0.061      ; 0.789      ;
; 0.571 ; clk_counter[21]        ; clk_counter[21]        ; clk_3125     ; clk_3125    ; 0.000        ; 0.061      ; 0.789      ;
; 0.571 ; clk_counter[27]        ; clk_counter[27]        ; clk_3125     ; clk_3125    ; 0.000        ; 0.061      ; 0.789      ;
; 0.571 ; clk_counter[31]        ; clk_counter[31]        ; clk_3125     ; clk_3125    ; 0.000        ; 0.061      ; 0.789      ;
; 0.572 ; clk_counter[2]         ; clk_counter[2]         ; clk_3125     ; clk_3125    ; 0.000        ; 0.062      ; 0.791      ;
; 0.572 ; clk_counter[14]        ; clk_counter[14]        ; clk_3125     ; clk_3125    ; 0.000        ; 0.062      ; 0.791      ;
; 0.572 ; clk_counter[16]        ; clk_counter[16]        ; clk_3125     ; clk_3125    ; 0.000        ; 0.061      ; 0.790      ;
; 0.572 ; clk_counter[22]        ; clk_counter[22]        ; clk_3125     ; clk_3125    ; 0.000        ; 0.061      ; 0.790      ;
; 0.573 ; clk_counter[4]         ; clk_counter[4]         ; clk_3125     ; clk_3125    ; 0.000        ; 0.062      ; 0.792      ;
; 0.573 ; clk_counter[8]         ; clk_counter[8]         ; clk_3125     ; clk_3125    ; 0.000        ; 0.062      ; 0.792      ;
; 0.573 ; clk_counter[10]        ; clk_counter[10]        ; clk_3125     ; clk_3125    ; 0.000        ; 0.062      ; 0.792      ;
; 0.573 ; clk_counter[12]        ; clk_counter[12]        ; clk_3125     ; clk_3125    ; 0.000        ; 0.062      ; 0.792      ;
; 0.573 ; clk_counter[18]        ; clk_counter[18]        ; clk_3125     ; clk_3125    ; 0.000        ; 0.061      ; 0.791      ;
; 0.573 ; clk_counter[23]        ; clk_counter[23]        ; clk_3125     ; clk_3125    ; 0.000        ; 0.061      ; 0.791      ;
; 0.573 ; clk_counter[25]        ; clk_counter[25]        ; clk_3125     ; clk_3125    ; 0.000        ; 0.061      ; 0.791      ;
; 0.573 ; bit_counter[4]         ; bit_counter[4]         ; clk_3125     ; clk_3125    ; 0.000        ; 0.062      ; 0.792      ;
; 0.573 ; bit_counter[10]        ; bit_counter[10]        ; clk_3125     ; clk_3125    ; 0.000        ; 0.062      ; 0.792      ;
; 0.574 ; clk_counter[30]        ; clk_counter[30]        ; clk_3125     ; clk_3125    ; 0.000        ; 0.061      ; 0.792      ;
; 0.575 ; clk_counter[20]        ; clk_counter[20]        ; clk_3125     ; clk_3125    ; 0.000        ; 0.061      ; 0.793      ;
; 0.575 ; clk_counter[26]        ; clk_counter[26]        ; clk_3125     ; clk_3125    ; 0.000        ; 0.061      ; 0.793      ;
; 0.575 ; clk_counter[24]        ; clk_counter[24]        ; clk_3125     ; clk_3125    ; 0.000        ; 0.061      ; 0.793      ;
; 0.575 ; clk_counter[28]        ; clk_counter[28]        ; clk_3125     ; clk_3125    ; 0.000        ; 0.061      ; 0.793      ;
; 0.575 ; bit_counter[27]        ; bit_counter[27]        ; clk_3125     ; clk_3125    ; 0.000        ; 0.076      ; 0.808      ;
; 0.575 ; bit_counter[11]        ; bit_counter[11]        ; clk_3125     ; clk_3125    ; 0.000        ; 0.075      ; 0.807      ;
; 0.576 ; bit_counter[22]        ; bit_counter[22]        ; clk_3125     ; clk_3125    ; 0.000        ; 0.076      ; 0.809      ;
; 0.579 ; bit_counter[12]        ; bit_counter[12]        ; clk_3125     ; clk_3125    ; 0.000        ; 0.075      ; 0.811      ;
; 0.587 ; bit_counter[3]         ; bit_counter[3]         ; clk_3125     ; clk_3125    ; 0.000        ; 0.062      ; 0.806      ;
; 0.588 ; bit_counter[1]         ; bit_counter[1]         ; clk_3125     ; clk_3125    ; 0.000        ; 0.062      ; 0.807      ;
; 0.589 ; bit_counter[6]         ; bit_counter[6]         ; clk_3125     ; clk_3125    ; 0.000        ; 0.062      ; 0.808      ;
; 0.590 ; bit_counter[7]         ; bit_counter[7]         ; clk_3125     ; clk_3125    ; 0.000        ; 0.062      ; 0.809      ;
; 0.591 ; bit_counter[2]         ; bit_counter[2]         ; clk_3125     ; clk_3125    ; 0.000        ; 0.062      ; 0.810      ;
; 0.592 ; bit_counter[8]         ; bit_counter[8]         ; clk_3125     ; clk_3125    ; 0.000        ; 0.062      ; 0.811      ;
; 0.610 ; clk_counter[0]         ; clk_counter[0]         ; clk_3125     ; clk_3125    ; 0.000        ; 0.062      ; 0.829      ;
; 0.610 ; bit_counter[0]         ; bit_counter[0]         ; clk_3125     ; clk_3125    ; 0.000        ; 0.062      ; 0.829      ;
; 0.613 ; current_state.S_STOP   ; rx_complete~reg0       ; clk_3125     ; clk_3125    ; 0.000        ; 0.062      ; 0.832      ;
; 0.613 ; current_state.S_IDLE   ; current_state.S_START  ; clk_3125     ; clk_3125    ; 0.000        ; 0.062      ; 0.832      ;
; 0.632 ; bit_counter[10]        ; bit_counter[13]        ; clk_3125     ; clk_3125    ; 0.000        ; 0.402      ; 1.191      ;
; 0.634 ; bit_counter[7]         ; bit_counter[9]         ; clk_3125     ; clk_3125    ; 0.000        ; 0.402      ; 1.193      ;
; 0.634 ; bit_counter[10]        ; bit_counter[14]        ; clk_3125     ; clk_3125    ; 0.000        ; 0.402      ; 1.193      ;
; 0.642 ; current_state.S_START  ; rx_complete~reg0       ; clk_3125     ; clk_3125    ; 0.000        ; 0.062      ; 0.861      ;
; 0.649 ; bit_counter[6]         ; bit_counter[9]         ; clk_3125     ; clk_3125    ; 0.000        ; 0.402      ; 1.208      ;
; 0.651 ; bit_counter[8]         ; bit_counter[11]        ; clk_3125     ; clk_3125    ; 0.000        ; 0.402      ; 1.210      ;
; 0.653 ; bit_counter[8]         ; bit_counter[12]        ; clk_3125     ; clk_3125    ; 0.000        ; 0.402      ; 1.212      ;
; 0.717 ; rx_buffer[0]           ; rx_parity~reg0         ; clk_3125     ; clk_3125    ; 0.000        ; -0.261     ; 0.613      ;
; 0.726 ; bit_counter[5]         ; bit_counter[9]         ; clk_3125     ; clk_3125    ; 0.000        ; 0.402      ; 1.285      ;
; 0.744 ; bit_counter[10]        ; bit_counter[15]        ; clk_3125     ; clk_3125    ; 0.000        ; 0.402      ; 1.303      ;
; 0.744 ; bit_counter[4]         ; bit_counter[9]         ; clk_3125     ; clk_3125    ; 0.000        ; 0.402      ; 1.303      ;
; 0.746 ; bit_counter[7]         ; bit_counter[11]        ; clk_3125     ; clk_3125    ; 0.000        ; 0.402      ; 1.305      ;
; 0.748 ; bit_counter[7]         ; bit_counter[12]        ; clk_3125     ; clk_3125    ; 0.000        ; 0.402      ; 1.307      ;
; 0.749 ; bit_counter[10]        ; bit_counter[16]        ; clk_3125     ; clk_3125    ; 0.000        ; 0.399      ; 1.305      ;
; 0.761 ; bit_counter[6]         ; bit_counter[11]        ; clk_3125     ; clk_3125    ; 0.000        ; 0.402      ; 1.320      ;
; 0.763 ; bit_counter[8]         ; bit_counter[13]        ; clk_3125     ; clk_3125    ; 0.000        ; 0.402      ; 1.322      ;
; 0.763 ; bit_counter[6]         ; bit_counter[12]        ; clk_3125     ; clk_3125    ; 0.000        ; 0.402      ; 1.322      ;
+-------+------------------------+------------------------+--------------+-------------+--------------+------------+------------+


-----------------------------------------------
; Slow 1200mV 85C Model Metastability Summary ;
-----------------------------------------------
No synchronizer chains to report.


+--------------------------------------------------+
; Slow 1200mV 0C Model Fmax Summary                ;
+------------+-----------------+------------+------+
; Fmax       ; Restricted Fmax ; Clock Name ; Note ;
+------------+-----------------+------------+------+
; 191.39 MHz ; 191.39 MHz      ; clk_3125   ;      ;
+------------+-----------------+------------+------+
This panel reports FMAX for every clock in the design, regardless of the user-specified clock periods.  FMAX is only computed for paths where the source and destination registers or ports are driven by the same clock.  Paths of different clocks, including generated clocks, are ignored.  For paths between a clock and its inversion, FMAX is computed as if the rising and falling edges are scaled along with FMAX, such that the duty cycle (in terms of a percentage) is maintained. Altera recommends that you always use clock constraints and other slack reports for sign-off analysis.


+------------------------------------+
; Slow 1200mV 0C Model Setup Summary ;
+----------+--------+----------------+
; Clock    ; Slack  ; End Point TNS  ;
+----------+--------+----------------+
; clk_3125 ; -4.225 ; -332.515       ;
+----------+--------+----------------+


+-----------------------------------+
; Slow 1200mV 0C Model Hold Summary ;
+----------+-------+----------------+
; Clock    ; Slack ; End Point TNS  ;
+----------+-------+----------------+
; clk_3125 ; 0.299 ; 0.000          ;
+----------+-------+----------------+


-----------------------------------------
; Slow 1200mV 0C Model Recovery Summary ;
-----------------------------------------
No paths to report.


----------------------------------------
; Slow 1200mV 0C Model Removal Summary ;
----------------------------------------
No paths to report.


+--------------------------------------------------+
; Slow 1200mV 0C Model Minimum Pulse Width Summary ;
+----------+--------+------------------------------+
; Clock    ; Slack  ; End Point TNS                ;
+----------+--------+------------------------------+
; clk_3125 ; -3.000 ; -91.000                      ;
+----------+--------+------------------------------+


+------------------------------------------------------------------------------------------------------------------+
; Slow 1200mV 0C Model Setup: 'clk_3125'                                                                           ;
+--------+-----------------+-----------------+--------------+-------------+--------------+------------+------------+
; Slack  ; From Node       ; To Node         ; Launch Clock ; Latch Clock ; Relationship ; Clock Skew ; Data Delay ;
+--------+-----------------+-----------------+--------------+-------------+--------------+------------+------------+
; -4.225 ; bit_counter[0]  ; rx_buffer[2]    ; clk_3125     ; clk_3125    ; 1.000        ; 0.236      ; 5.456      ;
; -4.225 ; bit_counter[0]  ; rx_buffer[6]    ; clk_3125     ; clk_3125    ; 1.000        ; 0.236      ; 5.456      ;
; -4.197 ; bit_counter[1]  ; rx_buffer[2]    ; clk_3125     ; clk_3125    ; 1.000        ; 0.236      ; 5.428      ;
; -4.197 ; bit_counter[1]  ; rx_buffer[6]    ; clk_3125     ; clk_3125    ; 1.000        ; 0.236      ; 5.428      ;
; -4.186 ; bit_counter[0]  ; rx_buffer[7]    ; clk_3125     ; clk_3125    ; 1.000        ; 0.236      ; 5.417      ;
; -4.185 ; bit_counter[0]  ; rx_buffer[3]    ; clk_3125     ; clk_3125    ; 1.000        ; 0.236      ; 5.416      ;
; -4.158 ; bit_counter[1]  ; rx_buffer[7]    ; clk_3125     ; clk_3125    ; 1.000        ; 0.236      ; 5.389      ;
; -4.157 ; bit_counter[1]  ; rx_buffer[3]    ; clk_3125     ; clk_3125    ; 1.000        ; 0.236      ; 5.388      ;
; -4.109 ; bit_counter[2]  ; rx_buffer[2]    ; clk_3125     ; clk_3125    ; 1.000        ; 0.236      ; 5.340      ;
; -4.109 ; bit_counter[2]  ; rx_buffer[6]    ; clk_3125     ; clk_3125    ; 1.000        ; 0.236      ; 5.340      ;
; -4.073 ; bit_counter[3]  ; rx_buffer[2]    ; clk_3125     ; clk_3125    ; 1.000        ; 0.236      ; 5.304      ;
; -4.073 ; bit_counter[3]  ; rx_buffer[6]    ; clk_3125     ; clk_3125    ; 1.000        ; 0.236      ; 5.304      ;
; -4.070 ; bit_counter[2]  ; rx_buffer[7]    ; clk_3125     ; clk_3125    ; 1.000        ; 0.236      ; 5.301      ;
; -4.069 ; bit_counter[2]  ; rx_buffer[3]    ; clk_3125     ; clk_3125    ; 1.000        ; 0.236      ; 5.300      ;
; -4.057 ; bit_counter[9]  ; rx_buffer[2]    ; clk_3125     ; clk_3125    ; 1.000        ; -0.068     ; 4.984      ;
; -4.057 ; bit_counter[9]  ; rx_buffer[6]    ; clk_3125     ; clk_3125    ; 1.000        ; -0.068     ; 4.984      ;
; -4.034 ; bit_counter[3]  ; rx_buffer[7]    ; clk_3125     ; clk_3125    ; 1.000        ; 0.236      ; 5.265      ;
; -4.033 ; bit_counter[3]  ; rx_buffer[3]    ; clk_3125     ; clk_3125    ; 1.000        ; 0.236      ; 5.264      ;
; -4.023 ; bit_counter[0]  ; rx_buffer[8]    ; clk_3125     ; clk_3125    ; 1.000        ; 0.263      ; 5.281      ;
; -4.019 ; bit_counter[0]  ; rx_buffer[4]    ; clk_3125     ; clk_3125    ; 1.000        ; 0.263      ; 5.277      ;
; -4.018 ; bit_counter[9]  ; rx_buffer[7]    ; clk_3125     ; clk_3125    ; 1.000        ; -0.068     ; 4.945      ;
; -4.017 ; bit_counter[9]  ; rx_buffer[3]    ; clk_3125     ; clk_3125    ; 1.000        ; -0.068     ; 4.944      ;
; -4.006 ; clk_counter[6]  ; bit_counter[0]  ; clk_3125     ; clk_3125    ; 1.000        ; -0.055     ; 4.946      ;
; -4.006 ; clk_counter[6]  ; bit_counter[1]  ; clk_3125     ; clk_3125    ; 1.000        ; -0.055     ; 4.946      ;
; -4.006 ; clk_counter[6]  ; bit_counter[2]  ; clk_3125     ; clk_3125    ; 1.000        ; -0.055     ; 4.946      ;
; -4.006 ; clk_counter[6]  ; bit_counter[3]  ; clk_3125     ; clk_3125    ; 1.000        ; -0.055     ; 4.946      ;
; -4.006 ; clk_counter[6]  ; bit_counter[4]  ; clk_3125     ; clk_3125    ; 1.000        ; -0.055     ; 4.946      ;
; -4.006 ; clk_counter[6]  ; bit_counter[5]  ; clk_3125     ; clk_3125    ; 1.000        ; -0.055     ; 4.946      ;
; -4.006 ; clk_counter[6]  ; bit_counter[6]  ; clk_3125     ; clk_3125    ; 1.000        ; -0.055     ; 4.946      ;
; -4.006 ; clk_counter[6]  ; bit_counter[7]  ; clk_3125     ; clk_3125    ; 1.000        ; -0.055     ; 4.946      ;
; -4.006 ; clk_counter[6]  ; bit_counter[8]  ; clk_3125     ; clk_3125    ; 1.000        ; -0.055     ; 4.946      ;
; -4.006 ; clk_counter[6]  ; bit_counter[10] ; clk_3125     ; clk_3125    ; 1.000        ; -0.055     ; 4.946      ;
; -3.996 ; bit_counter[4]  ; rx_buffer[2]    ; clk_3125     ; clk_3125    ; 1.000        ; 0.236      ; 5.227      ;
; -3.996 ; bit_counter[4]  ; rx_buffer[6]    ; clk_3125     ; clk_3125    ; 1.000        ; 0.236      ; 5.227      ;
; -3.995 ; bit_counter[1]  ; rx_buffer[8]    ; clk_3125     ; clk_3125    ; 1.000        ; 0.263      ; 5.253      ;
; -3.991 ; bit_counter[1]  ; rx_buffer[4]    ; clk_3125     ; clk_3125    ; 1.000        ; 0.263      ; 5.249      ;
; -3.988 ; bit_counter[5]  ; rx_buffer[2]    ; clk_3125     ; clk_3125    ; 1.000        ; 0.236      ; 5.219      ;
; -3.988 ; bit_counter[5]  ; rx_buffer[6]    ; clk_3125     ; clk_3125    ; 1.000        ; 0.236      ; 5.219      ;
; -3.974 ; bit_counter[14] ; clk_counter[16] ; clk_3125     ; clk_3125    ; 1.000        ; -0.358     ; 4.611      ;
; -3.974 ; bit_counter[14] ; clk_counter[17] ; clk_3125     ; clk_3125    ; 1.000        ; -0.358     ; 4.611      ;
; -3.974 ; bit_counter[14] ; clk_counter[18] ; clk_3125     ; clk_3125    ; 1.000        ; -0.358     ; 4.611      ;
; -3.974 ; bit_counter[14] ; clk_counter[19] ; clk_3125     ; clk_3125    ; 1.000        ; -0.358     ; 4.611      ;
; -3.974 ; bit_counter[14] ; clk_counter[20] ; clk_3125     ; clk_3125    ; 1.000        ; -0.358     ; 4.611      ;
; -3.974 ; bit_counter[14] ; clk_counter[26] ; clk_3125     ; clk_3125    ; 1.000        ; -0.358     ; 4.611      ;
; -3.974 ; bit_counter[14] ; clk_counter[21] ; clk_3125     ; clk_3125    ; 1.000        ; -0.358     ; 4.611      ;
; -3.974 ; bit_counter[14] ; clk_counter[22] ; clk_3125     ; clk_3125    ; 1.000        ; -0.358     ; 4.611      ;
; -3.974 ; bit_counter[14] ; clk_counter[23] ; clk_3125     ; clk_3125    ; 1.000        ; -0.358     ; 4.611      ;
; -3.974 ; bit_counter[14] ; clk_counter[24] ; clk_3125     ; clk_3125    ; 1.000        ; -0.358     ; 4.611      ;
; -3.974 ; bit_counter[14] ; clk_counter[25] ; clk_3125     ; clk_3125    ; 1.000        ; -0.358     ; 4.611      ;
; -3.974 ; bit_counter[14] ; clk_counter[28] ; clk_3125     ; clk_3125    ; 1.000        ; -0.358     ; 4.611      ;
; -3.974 ; bit_counter[14] ; clk_counter[27] ; clk_3125     ; clk_3125    ; 1.000        ; -0.358     ; 4.611      ;
; -3.974 ; bit_counter[14] ; clk_counter[30] ; clk_3125     ; clk_3125    ; 1.000        ; -0.358     ; 4.611      ;
; -3.974 ; bit_counter[14] ; clk_counter[29] ; clk_3125     ; clk_3125    ; 1.000        ; -0.358     ; 4.611      ;
; -3.974 ; bit_counter[14] ; clk_counter[31] ; clk_3125     ; clk_3125    ; 1.000        ; -0.358     ; 4.611      ;
; -3.969 ; bit_counter[11] ; rx_buffer[2]    ; clk_3125     ; clk_3125    ; 1.000        ; -0.068     ; 4.896      ;
; -3.969 ; bit_counter[11] ; rx_buffer[6]    ; clk_3125     ; clk_3125    ; 1.000        ; -0.068     ; 4.896      ;
; -3.957 ; bit_counter[4]  ; rx_buffer[7]    ; clk_3125     ; clk_3125    ; 1.000        ; 0.236      ; 5.188      ;
; -3.956 ; bit_counter[4]  ; rx_buffer[3]    ; clk_3125     ; clk_3125    ; 1.000        ; 0.236      ; 5.187      ;
; -3.954 ; bit_counter[14] ; clk_counter[0]  ; clk_3125     ; clk_3125    ; 1.000        ; -0.359     ; 4.590      ;
; -3.954 ; bit_counter[14] ; clk_counter[9]  ; clk_3125     ; clk_3125    ; 1.000        ; -0.359     ; 4.590      ;
; -3.954 ; bit_counter[14] ; clk_counter[2]  ; clk_3125     ; clk_3125    ; 1.000        ; -0.359     ; 4.590      ;
; -3.954 ; bit_counter[14] ; clk_counter[3]  ; clk_3125     ; clk_3125    ; 1.000        ; -0.359     ; 4.590      ;
; -3.954 ; bit_counter[14] ; clk_counter[4]  ; clk_3125     ; clk_3125    ; 1.000        ; -0.359     ; 4.590      ;
; -3.954 ; bit_counter[14] ; clk_counter[5]  ; clk_3125     ; clk_3125    ; 1.000        ; -0.359     ; 4.590      ;
; -3.954 ; bit_counter[14] ; clk_counter[6]  ; clk_3125     ; clk_3125    ; 1.000        ; -0.359     ; 4.590      ;
; -3.954 ; bit_counter[14] ; clk_counter[7]  ; clk_3125     ; clk_3125    ; 1.000        ; -0.359     ; 4.590      ;
; -3.954 ; bit_counter[14] ; clk_counter[8]  ; clk_3125     ; clk_3125    ; 1.000        ; -0.359     ; 4.590      ;
; -3.954 ; bit_counter[14] ; clk_counter[11] ; clk_3125     ; clk_3125    ; 1.000        ; -0.359     ; 4.590      ;
; -3.954 ; bit_counter[14] ; clk_counter[10] ; clk_3125     ; clk_3125    ; 1.000        ; -0.359     ; 4.590      ;
; -3.954 ; bit_counter[14] ; clk_counter[12] ; clk_3125     ; clk_3125    ; 1.000        ; -0.359     ; 4.590      ;
; -3.954 ; bit_counter[14] ; clk_counter[13] ; clk_3125     ; clk_3125    ; 1.000        ; -0.359     ; 4.590      ;
; -3.954 ; bit_counter[14] ; clk_counter[14] ; clk_3125     ; clk_3125    ; 1.000        ; -0.359     ; 4.590      ;
; -3.954 ; bit_counter[14] ; clk_counter[15] ; clk_3125     ; clk_3125    ; 1.000        ; -0.359     ; 4.590      ;
; -3.954 ; bit_counter[14] ; clk_counter[1]  ; clk_3125     ; clk_3125    ; 1.000        ; -0.359     ; 4.590      ;
; -3.949 ; bit_counter[5]  ; rx_buffer[7]    ; clk_3125     ; clk_3125    ; 1.000        ; 0.236      ; 5.180      ;
; -3.948 ; bit_counter[5]  ; rx_buffer[3]    ; clk_3125     ; clk_3125    ; 1.000        ; 0.236      ; 5.179      ;
; -3.938 ; bit_counter[12] ; rx_buffer[2]    ; clk_3125     ; clk_3125    ; 1.000        ; -0.068     ; 4.865      ;
; -3.938 ; bit_counter[12] ; rx_buffer[6]    ; clk_3125     ; clk_3125    ; 1.000        ; -0.068     ; 4.865      ;
; -3.931 ; bit_counter[12] ; clk_counter[16] ; clk_3125     ; clk_3125    ; 1.000        ; -0.358     ; 4.568      ;
; -3.931 ; bit_counter[12] ; clk_counter[17] ; clk_3125     ; clk_3125    ; 1.000        ; -0.358     ; 4.568      ;
; -3.931 ; bit_counter[12] ; clk_counter[18] ; clk_3125     ; clk_3125    ; 1.000        ; -0.358     ; 4.568      ;
; -3.931 ; bit_counter[12] ; clk_counter[19] ; clk_3125     ; clk_3125    ; 1.000        ; -0.358     ; 4.568      ;
; -3.931 ; bit_counter[12] ; clk_counter[20] ; clk_3125     ; clk_3125    ; 1.000        ; -0.358     ; 4.568      ;
; -3.931 ; bit_counter[12] ; clk_counter[26] ; clk_3125     ; clk_3125    ; 1.000        ; -0.358     ; 4.568      ;
; -3.931 ; bit_counter[12] ; clk_counter[21] ; clk_3125     ; clk_3125    ; 1.000        ; -0.358     ; 4.568      ;
; -3.931 ; bit_counter[12] ; clk_counter[22] ; clk_3125     ; clk_3125    ; 1.000        ; -0.358     ; 4.568      ;
; -3.931 ; bit_counter[12] ; clk_counter[23] ; clk_3125     ; clk_3125    ; 1.000        ; -0.358     ; 4.568      ;
; -3.931 ; bit_counter[12] ; clk_counter[24] ; clk_3125     ; clk_3125    ; 1.000        ; -0.358     ; 4.568      ;
; -3.931 ; bit_counter[12] ; clk_counter[25] ; clk_3125     ; clk_3125    ; 1.000        ; -0.358     ; 4.568      ;
; -3.931 ; bit_counter[12] ; clk_counter[28] ; clk_3125     ; clk_3125    ; 1.000        ; -0.358     ; 4.568      ;
; -3.931 ; bit_counter[12] ; clk_counter[27] ; clk_3125     ; clk_3125    ; 1.000        ; -0.358     ; 4.568      ;
; -3.931 ; bit_counter[12] ; clk_counter[30] ; clk_3125     ; clk_3125    ; 1.000        ; -0.358     ; 4.568      ;
; -3.931 ; bit_counter[12] ; clk_counter[29] ; clk_3125     ; clk_3125    ; 1.000        ; -0.358     ; 4.568      ;
; -3.931 ; bit_counter[12] ; clk_counter[31] ; clk_3125     ; clk_3125    ; 1.000        ; -0.358     ; 4.568      ;
; -3.930 ; bit_counter[11] ; rx_buffer[7]    ; clk_3125     ; clk_3125    ; 1.000        ; -0.068     ; 4.857      ;
; -3.929 ; bit_counter[6]  ; rx_buffer[2]    ; clk_3125     ; clk_3125    ; 1.000        ; 0.236      ; 5.160      ;
; -3.929 ; bit_counter[6]  ; rx_buffer[6]    ; clk_3125     ; clk_3125    ; 1.000        ; 0.236      ; 5.160      ;
; -3.929 ; bit_counter[11] ; rx_buffer[3]    ; clk_3125     ; clk_3125    ; 1.000        ; -0.068     ; 4.856      ;
; -3.919 ; bit_counter[0]  ; rx_buffer[0]    ; clk_3125     ; clk_3125    ; 1.000        ; 0.233      ; 5.147      ;
; -3.911 ; bit_counter[12] ; clk_counter[0]  ; clk_3125     ; clk_3125    ; 1.000        ; -0.359     ; 4.547      ;
+--------+-----------------+-----------------+--------------+-------------+--------------+------------+------------+


+-------------------------------------------------------------------------------------------------------------------------------+
; Slow 1200mV 0C Model Hold: 'clk_3125'                                                                                         ;
+-------+------------------------+------------------------+--------------+-------------+--------------+------------+------------+
; Slack ; From Node              ; To Node                ; Launch Clock ; Latch Clock ; Relationship ; Clock Skew ; Data Delay ;
+-------+------------------------+------------------------+--------------+-------------+--------------+------------+------------+
; 0.299 ; rx_buffer[5]           ; rx_buffer[5]           ; clk_3125     ; clk_3125    ; 0.000        ; 0.068      ; 0.511      ;
; 0.299 ; rx_buffer[4]           ; rx_buffer[4]           ; clk_3125     ; clk_3125    ; 0.000        ; 0.068      ; 0.511      ;
; 0.299 ; rx_buffer[1]           ; rx_buffer[1]           ; clk_3125     ; clk_3125    ; 0.000        ; 0.068      ; 0.511      ;
; 0.299 ; rx_buffer[8]           ; rx_buffer[8]           ; clk_3125     ; clk_3125    ; 0.000        ; 0.068      ; 0.511      ;
; 0.300 ; rx_buffer[0]           ; rx_buffer[0]           ; clk_3125     ; clk_3125    ; 0.000        ; 0.067      ; 0.511      ;
; 0.301 ; rx_buffer[2]           ; rx_buffer[2]           ; clk_3125     ; clk_3125    ; 0.000        ; 0.066      ; 0.511      ;
; 0.301 ; rx_buffer[3]           ; rx_buffer[3]           ; clk_3125     ; clk_3125    ; 0.000        ; 0.066      ; 0.511      ;
; 0.301 ; rx_buffer[6]           ; rx_buffer[6]           ; clk_3125     ; clk_3125    ; 0.000        ; 0.066      ; 0.511      ;
; 0.301 ; rx_buffer[7]           ; rx_buffer[7]           ; clk_3125     ; clk_3125    ; 0.000        ; 0.066      ; 0.511      ;
; 0.312 ; rx_complete~reg0       ; rx_complete~reg0       ; clk_3125     ; clk_3125    ; 0.000        ; 0.055      ; 0.511      ;
; 0.312 ; current_state.S_PARITY ; current_state.S_PARITY ; clk_3125     ; clk_3125    ; 0.000        ; 0.055      ; 0.511      ;
; 0.312 ; current_state.S_STOP   ; current_state.S_STOP   ; clk_3125     ; clk_3125    ; 0.000        ; 0.055      ; 0.511      ;
; 0.312 ; current_state.S_MSG    ; current_state.S_MSG    ; clk_3125     ; clk_3125    ; 0.000        ; 0.055      ; 0.511      ;
; 0.312 ; current_state.S_START  ; current_state.S_START  ; clk_3125     ; clk_3125    ; 0.000        ; 0.055      ; 0.511      ;
; 0.461 ; bit_counter[10]        ; bit_counter[11]        ; clk_3125     ; clk_3125    ; 0.000        ; 0.359      ; 0.964      ;
; 0.468 ; bit_counter[10]        ; bit_counter[12]        ; clk_3125     ; clk_3125    ; 0.000        ; 0.359      ; 0.971      ;
; 0.478 ; bit_counter[8]         ; bit_counter[9]         ; clk_3125     ; clk_3125    ; 0.000        ; 0.359      ; 0.981      ;
; 0.498 ; bit_counter[13]        ; bit_counter[13]        ; clk_3125     ; clk_3125    ; 0.000        ; 0.067      ; 0.709      ;
; 0.498 ; bit_counter[15]        ; bit_counter[15]        ; clk_3125     ; clk_3125    ; 0.000        ; 0.067      ; 0.709      ;
; 0.499 ; bit_counter[19]        ; bit_counter[19]        ; clk_3125     ; clk_3125    ; 0.000        ; 0.067      ; 0.710      ;
; 0.499 ; bit_counter[29]        ; bit_counter[29]        ; clk_3125     ; clk_3125    ; 0.000        ; 0.067      ; 0.710      ;
; 0.500 ; bit_counter[17]        ; bit_counter[17]        ; clk_3125     ; clk_3125    ; 0.000        ; 0.067      ; 0.711      ;
; 0.500 ; bit_counter[21]        ; bit_counter[21]        ; clk_3125     ; clk_3125    ; 0.000        ; 0.067      ; 0.711      ;
; 0.500 ; bit_counter[31]        ; bit_counter[31]        ; clk_3125     ; clk_3125    ; 0.000        ; 0.067      ; 0.711      ;
; 0.502 ; bit_counter[14]        ; bit_counter[14]        ; clk_3125     ; clk_3125    ; 0.000        ; 0.067      ; 0.713      ;
; 0.502 ; bit_counter[16]        ; bit_counter[16]        ; clk_3125     ; clk_3125    ; 0.000        ; 0.067      ; 0.713      ;
; 0.502 ; bit_counter[9]         ; bit_counter[9]         ; clk_3125     ; clk_3125    ; 0.000        ; 0.067      ; 0.713      ;
; 0.503 ; bit_counter[18]        ; bit_counter[18]        ; clk_3125     ; clk_3125    ; 0.000        ; 0.067      ; 0.714      ;
; 0.503 ; bit_counter[23]        ; bit_counter[23]        ; clk_3125     ; clk_3125    ; 0.000        ; 0.067      ; 0.714      ;
; 0.503 ; bit_counter[25]        ; bit_counter[25]        ; clk_3125     ; clk_3125    ; 0.000        ; 0.067      ; 0.714      ;
; 0.504 ; bit_counter[20]        ; bit_counter[20]        ; clk_3125     ; clk_3125    ; 0.000        ; 0.067      ; 0.715      ;
; 0.504 ; bit_counter[28]        ; bit_counter[28]        ; clk_3125     ; clk_3125    ; 0.000        ; 0.067      ; 0.715      ;
; 0.504 ; bit_counter[30]        ; bit_counter[30]        ; clk_3125     ; clk_3125    ; 0.000        ; 0.067      ; 0.715      ;
; 0.505 ; bit_counter[26]        ; bit_counter[26]        ; clk_3125     ; clk_3125    ; 0.000        ; 0.067      ; 0.716      ;
; 0.505 ; bit_counter[24]        ; bit_counter[24]        ; clk_3125     ; clk_3125    ; 0.000        ; 0.067      ; 0.716      ;
; 0.510 ; clk_counter[3]         ; clk_counter[3]         ; clk_3125     ; clk_3125    ; 0.000        ; 0.055      ; 0.709      ;
; 0.510 ; clk_counter[13]        ; clk_counter[13]        ; clk_3125     ; clk_3125    ; 0.000        ; 0.055      ; 0.709      ;
; 0.510 ; clk_counter[15]        ; clk_counter[15]        ; clk_3125     ; clk_3125    ; 0.000        ; 0.055      ; 0.709      ;
; 0.511 ; clk_counter[5]         ; clk_counter[5]         ; clk_3125     ; clk_3125    ; 0.000        ; 0.055      ; 0.710      ;
; 0.511 ; clk_counter[11]        ; clk_counter[11]        ; clk_3125     ; clk_3125    ; 0.000        ; 0.055      ; 0.710      ;
; 0.511 ; bit_counter[5]         ; bit_counter[5]         ; clk_3125     ; clk_3125    ; 0.000        ; 0.055      ; 0.710      ;
; 0.512 ; clk_counter[6]         ; clk_counter[6]         ; clk_3125     ; clk_3125    ; 0.000        ; 0.055      ; 0.711      ;
; 0.512 ; clk_counter[19]        ; clk_counter[19]        ; clk_3125     ; clk_3125    ; 0.000        ; 0.054      ; 0.710      ;
; 0.512 ; clk_counter[29]        ; clk_counter[29]        ; clk_3125     ; clk_3125    ; 0.000        ; 0.054      ; 0.710      ;
; 0.512 ; clk_counter[1]         ; clk_counter[1]         ; clk_3125     ; clk_3125    ; 0.000        ; 0.055      ; 0.711      ;
; 0.513 ; clk_counter[17]        ; clk_counter[17]        ; clk_3125     ; clk_3125    ; 0.000        ; 0.054      ; 0.711      ;
; 0.513 ; clk_counter[21]        ; clk_counter[21]        ; clk_3125     ; clk_3125    ; 0.000        ; 0.054      ; 0.711      ;
; 0.513 ; clk_counter[27]        ; clk_counter[27]        ; clk_3125     ; clk_3125    ; 0.000        ; 0.054      ; 0.711      ;
; 0.513 ; clk_counter[31]        ; clk_counter[31]        ; clk_3125     ; clk_3125    ; 0.000        ; 0.054      ; 0.711      ;
; 0.514 ; clk_counter[9]         ; clk_counter[9]         ; clk_3125     ; clk_3125    ; 0.000        ; 0.055      ; 0.713      ;
; 0.514 ; clk_counter[2]         ; clk_counter[2]         ; clk_3125     ; clk_3125    ; 0.000        ; 0.055      ; 0.713      ;
; 0.514 ; clk_counter[7]         ; clk_counter[7]         ; clk_3125     ; clk_3125    ; 0.000        ; 0.055      ; 0.713      ;
; 0.514 ; clk_counter[14]        ; clk_counter[14]        ; clk_3125     ; clk_3125    ; 0.000        ; 0.055      ; 0.713      ;
; 0.514 ; clk_counter[22]        ; clk_counter[22]        ; clk_3125     ; clk_3125    ; 0.000        ; 0.054      ; 0.712      ;
; 0.515 ; clk_counter[4]         ; clk_counter[4]         ; clk_3125     ; clk_3125    ; 0.000        ; 0.055      ; 0.714      ;
; 0.515 ; clk_counter[12]        ; clk_counter[12]        ; clk_3125     ; clk_3125    ; 0.000        ; 0.055      ; 0.714      ;
; 0.515 ; clk_counter[16]        ; clk_counter[16]        ; clk_3125     ; clk_3125    ; 0.000        ; 0.054      ; 0.713      ;
; 0.515 ; bit_counter[4]         ; bit_counter[4]         ; clk_3125     ; clk_3125    ; 0.000        ; 0.055      ; 0.714      ;
; 0.516 ; clk_counter[8]         ; clk_counter[8]         ; clk_3125     ; clk_3125    ; 0.000        ; 0.055      ; 0.715      ;
; 0.516 ; clk_counter[10]        ; clk_counter[10]        ; clk_3125     ; clk_3125    ; 0.000        ; 0.055      ; 0.715      ;
; 0.516 ; clk_counter[18]        ; clk_counter[18]        ; clk_3125     ; clk_3125    ; 0.000        ; 0.054      ; 0.714      ;
; 0.516 ; clk_counter[23]        ; clk_counter[23]        ; clk_3125     ; clk_3125    ; 0.000        ; 0.054      ; 0.714      ;
; 0.516 ; clk_counter[25]        ; clk_counter[25]        ; clk_3125     ; clk_3125    ; 0.000        ; 0.054      ; 0.714      ;
; 0.516 ; bit_counter[10]        ; bit_counter[10]        ; clk_3125     ; clk_3125    ; 0.000        ; 0.055      ; 0.715      ;
; 0.516 ; bit_counter[11]        ; bit_counter[11]        ; clk_3125     ; clk_3125    ; 0.000        ; 0.067      ; 0.727      ;
; 0.517 ; clk_counter[20]        ; clk_counter[20]        ; clk_3125     ; clk_3125    ; 0.000        ; 0.054      ; 0.715      ;
; 0.517 ; clk_counter[28]        ; clk_counter[28]        ; clk_3125     ; clk_3125    ; 0.000        ; 0.054      ; 0.715      ;
; 0.517 ; clk_counter[30]        ; clk_counter[30]        ; clk_3125     ; clk_3125    ; 0.000        ; 0.054      ; 0.715      ;
; 0.517 ; bit_counter[27]        ; bit_counter[27]        ; clk_3125     ; clk_3125    ; 0.000        ; 0.067      ; 0.728      ;
; 0.518 ; clk_counter[26]        ; clk_counter[26]        ; clk_3125     ; clk_3125    ; 0.000        ; 0.054      ; 0.716      ;
; 0.518 ; clk_counter[24]        ; clk_counter[24]        ; clk_3125     ; clk_3125    ; 0.000        ; 0.054      ; 0.716      ;
; 0.518 ; bit_counter[22]        ; bit_counter[22]        ; clk_3125     ; clk_3125    ; 0.000        ; 0.067      ; 0.729      ;
; 0.520 ; bit_counter[12]        ; bit_counter[12]        ; clk_3125     ; clk_3125    ; 0.000        ; 0.067      ; 0.731      ;
; 0.527 ; bit_counter[3]         ; bit_counter[3]         ; clk_3125     ; clk_3125    ; 0.000        ; 0.055      ; 0.726      ;
; 0.529 ; bit_counter[1]         ; bit_counter[1]         ; clk_3125     ; clk_3125    ; 0.000        ; 0.055      ; 0.728      ;
; 0.529 ; bit_counter[6]         ; bit_counter[6]         ; clk_3125     ; clk_3125    ; 0.000        ; 0.055      ; 0.728      ;
; 0.531 ; bit_counter[2]         ; bit_counter[2]         ; clk_3125     ; clk_3125    ; 0.000        ; 0.055      ; 0.730      ;
; 0.531 ; bit_counter[7]         ; bit_counter[7]         ; clk_3125     ; clk_3125    ; 0.000        ; 0.055      ; 0.730      ;
; 0.533 ; bit_counter[8]         ; bit_counter[8]         ; clk_3125     ; clk_3125    ; 0.000        ; 0.055      ; 0.732      ;
; 0.545 ; current_state.S_IDLE   ; current_state.S_START  ; clk_3125     ; clk_3125    ; 0.000        ; 0.055      ; 0.744      ;
; 0.546 ; clk_counter[0]         ; clk_counter[0]         ; clk_3125     ; clk_3125    ; 0.000        ; 0.055      ; 0.745      ;
; 0.546 ; bit_counter[0]         ; bit_counter[0]         ; clk_3125     ; clk_3125    ; 0.000        ; 0.055      ; 0.745      ;
; 0.551 ; current_state.S_STOP   ; rx_complete~reg0       ; clk_3125     ; clk_3125    ; 0.000        ; 0.055      ; 0.750      ;
; 0.557 ; bit_counter[10]        ; bit_counter[13]        ; clk_3125     ; clk_3125    ; 0.000        ; 0.359      ; 1.060      ;
; 0.561 ; bit_counter[7]         ; bit_counter[9]         ; clk_3125     ; clk_3125    ; 0.000        ; 0.359      ; 1.064      ;
; 0.564 ; bit_counter[10]        ; bit_counter[14]        ; clk_3125     ; clk_3125    ; 0.000        ; 0.359      ; 1.067      ;
; 0.570 ; bit_counter[6]         ; bit_counter[9]         ; clk_3125     ; clk_3125    ; 0.000        ; 0.359      ; 1.073      ;
; 0.574 ; bit_counter[8]         ; bit_counter[11]        ; clk_3125     ; clk_3125    ; 0.000        ; 0.359      ; 1.077      ;
; 0.577 ; current_state.S_START  ; rx_complete~reg0       ; clk_3125     ; clk_3125    ; 0.000        ; 0.055      ; 0.776      ;
; 0.581 ; bit_counter[8]         ; bit_counter[12]        ; clk_3125     ; clk_3125    ; 0.000        ; 0.359      ; 1.084      ;
; 0.636 ; bit_counter[5]         ; bit_counter[9]         ; clk_3125     ; clk_3125    ; 0.000        ; 0.359      ; 1.139      ;
; 0.645 ; rx_buffer[0]           ; rx_parity~reg0         ; clk_3125     ; clk_3125    ; 0.000        ; -0.233     ; 0.556      ;
; 0.652 ; bit_counter[4]         ; bit_counter[9]         ; clk_3125     ; clk_3125    ; 0.000        ; 0.359      ; 1.155      ;
; 0.653 ; bit_counter[10]        ; bit_counter[15]        ; clk_3125     ; clk_3125    ; 0.000        ; 0.359      ; 1.156      ;
; 0.657 ; bit_counter[7]         ; bit_counter[11]        ; clk_3125     ; clk_3125    ; 0.000        ; 0.359      ; 1.160      ;
; 0.663 ; bit_counter[10]        ; bit_counter[16]        ; clk_3125     ; clk_3125    ; 0.000        ; 0.356      ; 1.163      ;
; 0.664 ; bit_counter[7]         ; bit_counter[12]        ; clk_3125     ; clk_3125    ; 0.000        ; 0.359      ; 1.167      ;
; 0.666 ; bit_counter[6]         ; bit_counter[11]        ; clk_3125     ; clk_3125    ; 0.000        ; 0.359      ; 1.169      ;
; 0.670 ; bit_counter[8]         ; bit_counter[13]        ; clk_3125     ; clk_3125    ; 0.000        ; 0.359      ; 1.173      ;
; 0.673 ; bit_counter[6]         ; bit_counter[12]        ; clk_3125     ; clk_3125    ; 0.000        ; 0.359      ; 1.176      ;
+-------+------------------------+------------------------+--------------+-------------+--------------+------------+------------+


----------------------------------------------
; Slow 1200mV 0C Model Metastability Summary ;
----------------------------------------------
No synchronizer chains to report.


+------------------------------------+
; Fast 1200mV 0C Model Setup Summary ;
+----------+--------+----------------+
; Clock    ; Slack  ; End Point TNS  ;
+----------+--------+----------------+
; clk_3125 ; -2.279 ; -171.954       ;
+----------+--------+----------------+


+-----------------------------------+
; Fast 1200mV 0C Model Hold Summary ;
+----------+-------+----------------+
; Clock    ; Slack ; End Point TNS  ;
+----------+-------+----------------+
; clk_3125 ; 0.179 ; 0.000          ;
+----------+-------+----------------+


-----------------------------------------
; Fast 1200mV 0C Model Recovery Summary ;
-----------------------------------------
No paths to report.


----------------------------------------
; Fast 1200mV 0C Model Removal Summary ;
----------------------------------------
No paths to report.


+--------------------------------------------------+
; Fast 1200mV 0C Model Minimum Pulse Width Summary ;
+----------+--------+------------------------------+
; Clock    ; Slack  ; End Point TNS                ;
+----------+--------+------------------------------+
; clk_3125 ; -3.000 ; -96.463                      ;
+----------+--------+------------------------------+


+------------------------------------------------------------------------------------------------------------------+
; Fast 1200mV 0C Model Setup: 'clk_3125'                                                                           ;
+--------+-----------------+-----------------+--------------+-------------+--------------+------------+------------+
; Slack  ; From Node       ; To Node         ; Launch Clock ; Latch Clock ; Relationship ; Clock Skew ; Data Delay ;
+--------+-----------------+-----------------+--------------+-------------+--------------+------------+------------+
; -2.279 ; bit_counter[0]  ; rx_buffer[2]    ; clk_3125     ; clk_3125    ; 1.000        ; 0.142      ; 3.408      ;
; -2.278 ; bit_counter[0]  ; rx_buffer[6]    ; clk_3125     ; clk_3125    ; 1.000        ; 0.142      ; 3.407      ;
; -2.256 ; bit_counter[0]  ; rx_buffer[3]    ; clk_3125     ; clk_3125    ; 1.000        ; 0.142      ; 3.385      ;
; -2.256 ; bit_counter[0]  ; rx_buffer[7]    ; clk_3125     ; clk_3125    ; 1.000        ; 0.142      ; 3.385      ;
; -2.217 ; bit_counter[1]  ; rx_buffer[2]    ; clk_3125     ; clk_3125    ; 1.000        ; 0.142      ; 3.346      ;
; -2.216 ; bit_counter[1]  ; rx_buffer[6]    ; clk_3125     ; clk_3125    ; 1.000        ; 0.142      ; 3.345      ;
; -2.203 ; bit_counter[2]  ; rx_buffer[2]    ; clk_3125     ; clk_3125    ; 1.000        ; 0.142      ; 3.332      ;
; -2.202 ; bit_counter[2]  ; rx_buffer[6]    ; clk_3125     ; clk_3125    ; 1.000        ; 0.142      ; 3.331      ;
; -2.194 ; bit_counter[1]  ; rx_buffer[3]    ; clk_3125     ; clk_3125    ; 1.000        ; 0.142      ; 3.323      ;
; -2.194 ; bit_counter[1]  ; rx_buffer[7]    ; clk_3125     ; clk_3125    ; 1.000        ; 0.142      ; 3.323      ;
; -2.180 ; bit_counter[2]  ; rx_buffer[3]    ; clk_3125     ; clk_3125    ; 1.000        ; 0.142      ; 3.309      ;
; -2.180 ; bit_counter[2]  ; rx_buffer[7]    ; clk_3125     ; clk_3125    ; 1.000        ; 0.142      ; 3.309      ;
; -2.149 ; bit_counter[0]  ; rx_buffer[4]    ; clk_3125     ; clk_3125    ; 1.000        ; 0.156      ; 3.292      ;
; -2.146 ; bit_counter[0]  ; rx_buffer[8]    ; clk_3125     ; clk_3125    ; 1.000        ; 0.156      ; 3.289      ;
; -2.135 ; bit_counter[3]  ; rx_buffer[2]    ; clk_3125     ; clk_3125    ; 1.000        ; 0.142      ; 3.264      ;
; -2.134 ; bit_counter[3]  ; rx_buffer[6]    ; clk_3125     ; clk_3125    ; 1.000        ; 0.142      ; 3.263      ;
; -2.127 ; bit_counter[4]  ; rx_buffer[2]    ; clk_3125     ; clk_3125    ; 1.000        ; 0.142      ; 3.256      ;
; -2.126 ; bit_counter[4]  ; rx_buffer[6]    ; clk_3125     ; clk_3125    ; 1.000        ; 0.142      ; 3.255      ;
; -2.112 ; bit_counter[3]  ; rx_buffer[3]    ; clk_3125     ; clk_3125    ; 1.000        ; 0.142      ; 3.241      ;
; -2.112 ; bit_counter[3]  ; rx_buffer[7]    ; clk_3125     ; clk_3125    ; 1.000        ; 0.142      ; 3.241      ;
; -2.107 ; bit_counter[9]  ; rx_buffer[2]    ; clk_3125     ; clk_3125    ; 1.000        ; -0.042     ; 3.052      ;
; -2.106 ; clk_counter[6]  ; bit_counter[0]  ; clk_3125     ; clk_3125    ; 1.000        ; -0.038     ; 3.055      ;
; -2.106 ; clk_counter[6]  ; bit_counter[1]  ; clk_3125     ; clk_3125    ; 1.000        ; -0.038     ; 3.055      ;
; -2.106 ; clk_counter[6]  ; bit_counter[2]  ; clk_3125     ; clk_3125    ; 1.000        ; -0.038     ; 3.055      ;
; -2.106 ; clk_counter[6]  ; bit_counter[3]  ; clk_3125     ; clk_3125    ; 1.000        ; -0.038     ; 3.055      ;
; -2.106 ; clk_counter[6]  ; bit_counter[4]  ; clk_3125     ; clk_3125    ; 1.000        ; -0.038     ; 3.055      ;
; -2.106 ; clk_counter[6]  ; bit_counter[5]  ; clk_3125     ; clk_3125    ; 1.000        ; -0.038     ; 3.055      ;
; -2.106 ; clk_counter[6]  ; bit_counter[6]  ; clk_3125     ; clk_3125    ; 1.000        ; -0.038     ; 3.055      ;
; -2.106 ; clk_counter[6]  ; bit_counter[7]  ; clk_3125     ; clk_3125    ; 1.000        ; -0.038     ; 3.055      ;
; -2.106 ; clk_counter[6]  ; bit_counter[8]  ; clk_3125     ; clk_3125    ; 1.000        ; -0.038     ; 3.055      ;
; -2.106 ; clk_counter[6]  ; bit_counter[10] ; clk_3125     ; clk_3125    ; 1.000        ; -0.038     ; 3.055      ;
; -2.106 ; bit_counter[9]  ; rx_buffer[6]    ; clk_3125     ; clk_3125    ; 1.000        ; -0.042     ; 3.051      ;
; -2.104 ; bit_counter[4]  ; rx_buffer[3]    ; clk_3125     ; clk_3125    ; 1.000        ; 0.142      ; 3.233      ;
; -2.104 ; bit_counter[4]  ; rx_buffer[7]    ; clk_3125     ; clk_3125    ; 1.000        ; 0.142      ; 3.233      ;
; -2.087 ; bit_counter[1]  ; rx_buffer[4]    ; clk_3125     ; clk_3125    ; 1.000        ; 0.156      ; 3.230      ;
; -2.084 ; bit_counter[0]  ; rx_buffer[0]    ; clk_3125     ; clk_3125    ; 1.000        ; 0.140      ; 3.211      ;
; -2.084 ; bit_counter[9]  ; rx_buffer[3]    ; clk_3125     ; clk_3125    ; 1.000        ; -0.042     ; 3.029      ;
; -2.084 ; bit_counter[9]  ; rx_buffer[7]    ; clk_3125     ; clk_3125    ; 1.000        ; -0.042     ; 3.029      ;
; -2.084 ; bit_counter[1]  ; rx_buffer[8]    ; clk_3125     ; clk_3125    ; 1.000        ; 0.156      ; 3.227      ;
; -2.079 ; bit_counter[6]  ; rx_buffer[2]    ; clk_3125     ; clk_3125    ; 1.000        ; 0.142      ; 3.208      ;
; -2.078 ; bit_counter[6]  ; rx_buffer[6]    ; clk_3125     ; clk_3125    ; 1.000        ; 0.142      ; 3.207      ;
; -2.077 ; bit_counter[5]  ; rx_buffer[2]    ; clk_3125     ; clk_3125    ; 1.000        ; 0.142      ; 3.206      ;
; -2.076 ; bit_counter[5]  ; rx_buffer[6]    ; clk_3125     ; clk_3125    ; 1.000        ; 0.142      ; 3.205      ;
; -2.073 ; bit_counter[2]  ; rx_buffer[4]    ; clk_3125     ; clk_3125    ; 1.000        ; 0.156      ; 3.216      ;
; -2.070 ; bit_counter[2]  ; rx_buffer[8]    ; clk_3125     ; clk_3125    ; 1.000        ; 0.156      ; 3.213      ;
; -2.064 ; bit_counter[12] ; rx_buffer[2]    ; clk_3125     ; clk_3125    ; 1.000        ; -0.042     ; 3.009      ;
; -2.063 ; bit_counter[12] ; rx_buffer[6]    ; clk_3125     ; clk_3125    ; 1.000        ; -0.042     ; 3.008      ;
; -2.056 ; bit_counter[6]  ; rx_buffer[3]    ; clk_3125     ; clk_3125    ; 1.000        ; 0.142      ; 3.185      ;
; -2.056 ; bit_counter[6]  ; rx_buffer[7]    ; clk_3125     ; clk_3125    ; 1.000        ; 0.142      ; 3.185      ;
; -2.054 ; bit_counter[5]  ; rx_buffer[3]    ; clk_3125     ; clk_3125    ; 1.000        ; 0.142      ; 3.183      ;
; -2.054 ; bit_counter[5]  ; rx_buffer[7]    ; clk_3125     ; clk_3125    ; 1.000        ; 0.142      ; 3.183      ;
; -2.046 ; bit_counter[11] ; rx_buffer[2]    ; clk_3125     ; clk_3125    ; 1.000        ; -0.042     ; 2.991      ;
; -2.045 ; bit_counter[11] ; rx_buffer[6]    ; clk_3125     ; clk_3125    ; 1.000        ; -0.042     ; 2.990      ;
; -2.041 ; bit_counter[12] ; rx_buffer[3]    ; clk_3125     ; clk_3125    ; 1.000        ; -0.042     ; 2.986      ;
; -2.041 ; bit_counter[12] ; rx_buffer[7]    ; clk_3125     ; clk_3125    ; 1.000        ; -0.042     ; 2.986      ;
; -2.040 ; clk_counter[12] ; bit_counter[0]  ; clk_3125     ; clk_3125    ; 1.000        ; -0.038     ; 2.989      ;
; -2.040 ; clk_counter[12] ; bit_counter[1]  ; clk_3125     ; clk_3125    ; 1.000        ; -0.038     ; 2.989      ;
; -2.040 ; clk_counter[12] ; bit_counter[2]  ; clk_3125     ; clk_3125    ; 1.000        ; -0.038     ; 2.989      ;
; -2.040 ; clk_counter[12] ; bit_counter[3]  ; clk_3125     ; clk_3125    ; 1.000        ; -0.038     ; 2.989      ;
; -2.040 ; clk_counter[12] ; bit_counter[4]  ; clk_3125     ; clk_3125    ; 1.000        ; -0.038     ; 2.989      ;
; -2.040 ; clk_counter[12] ; bit_counter[5]  ; clk_3125     ; clk_3125    ; 1.000        ; -0.038     ; 2.989      ;
; -2.040 ; clk_counter[12] ; bit_counter[6]  ; clk_3125     ; clk_3125    ; 1.000        ; -0.038     ; 2.989      ;
; -2.040 ; clk_counter[12] ; bit_counter[7]  ; clk_3125     ; clk_3125    ; 1.000        ; -0.038     ; 2.989      ;
; -2.040 ; clk_counter[12] ; bit_counter[8]  ; clk_3125     ; clk_3125    ; 1.000        ; -0.038     ; 2.989      ;
; -2.040 ; clk_counter[12] ; bit_counter[10] ; clk_3125     ; clk_3125    ; 1.000        ; -0.038     ; 2.989      ;
; -2.029 ; bit_counter[14] ; clk_counter[16] ; clk_3125     ; clk_3125    ; 1.000        ; -0.219     ; 2.797      ;
; -2.029 ; bit_counter[14] ; clk_counter[17] ; clk_3125     ; clk_3125    ; 1.000        ; -0.219     ; 2.797      ;
; -2.029 ; bit_counter[14] ; clk_counter[18] ; clk_3125     ; clk_3125    ; 1.000        ; -0.219     ; 2.797      ;
; -2.029 ; bit_counter[14] ; clk_counter[19] ; clk_3125     ; clk_3125    ; 1.000        ; -0.219     ; 2.797      ;
; -2.029 ; bit_counter[14] ; clk_counter[20] ; clk_3125     ; clk_3125    ; 1.000        ; -0.219     ; 2.797      ;
; -2.029 ; bit_counter[14] ; clk_counter[26] ; clk_3125     ; clk_3125    ; 1.000        ; -0.219     ; 2.797      ;
; -2.029 ; bit_counter[14] ; clk_counter[21] ; clk_3125     ; clk_3125    ; 1.000        ; -0.219     ; 2.797      ;
; -2.029 ; bit_counter[14] ; clk_counter[22] ; clk_3125     ; clk_3125    ; 1.000        ; -0.219     ; 2.797      ;
; -2.029 ; bit_counter[14] ; clk_counter[23] ; clk_3125     ; clk_3125    ; 1.000        ; -0.219     ; 2.797      ;
; -2.029 ; bit_counter[14] ; clk_counter[24] ; clk_3125     ; clk_3125    ; 1.000        ; -0.219     ; 2.797      ;
; -2.029 ; bit_counter[14] ; clk_counter[25] ; clk_3125     ; clk_3125    ; 1.000        ; -0.219     ; 2.797      ;
; -2.029 ; bit_counter[14] ; clk_counter[28] ; clk_3125     ; clk_3125    ; 1.000        ; -0.219     ; 2.797      ;
; -2.029 ; bit_counter[14] ; clk_counter[27] ; clk_3125     ; clk_3125    ; 1.000        ; -0.219     ; 2.797      ;
; -2.029 ; bit_counter[14] ; clk_counter[30] ; clk_3125     ; clk_3125    ; 1.000        ; -0.219     ; 2.797      ;
; -2.029 ; bit_counter[14] ; clk_counter[29] ; clk_3125     ; clk_3125    ; 1.000        ; -0.219     ; 2.797      ;
; -2.029 ; bit_counter[14] ; clk_counter[31] ; clk_3125     ; clk_3125    ; 1.000        ; -0.219     ; 2.797      ;
; -2.025 ; bit_counter[23] ; clk_counter[16] ; clk_3125     ; clk_3125    ; 1.000        ; -0.217     ; 2.795      ;
; -2.025 ; bit_counter[23] ; clk_counter[17] ; clk_3125     ; clk_3125    ; 1.000        ; -0.217     ; 2.795      ;
; -2.025 ; bit_counter[23] ; clk_counter[18] ; clk_3125     ; clk_3125    ; 1.000        ; -0.217     ; 2.795      ;
; -2.025 ; bit_counter[23] ; clk_counter[19] ; clk_3125     ; clk_3125    ; 1.000        ; -0.217     ; 2.795      ;
; -2.025 ; bit_counter[23] ; clk_counter[20] ; clk_3125     ; clk_3125    ; 1.000        ; -0.217     ; 2.795      ;
; -2.025 ; bit_counter[23] ; clk_counter[26] ; clk_3125     ; clk_3125    ; 1.000        ; -0.217     ; 2.795      ;
; -2.025 ; bit_counter[23] ; clk_counter[21] ; clk_3125     ; clk_3125    ; 1.000        ; -0.217     ; 2.795      ;
; -2.025 ; bit_counter[23] ; clk_counter[22] ; clk_3125     ; clk_3125    ; 1.000        ; -0.217     ; 2.795      ;
; -2.025 ; bit_counter[23] ; clk_counter[23] ; clk_3125     ; clk_3125    ; 1.000        ; -0.217     ; 2.795      ;
; -2.025 ; bit_counter[23] ; clk_counter[24] ; clk_3125     ; clk_3125    ; 1.000        ; -0.217     ; 2.795      ;
; -2.025 ; bit_counter[23] ; clk_counter[25] ; clk_3125     ; clk_3125    ; 1.000        ; -0.217     ; 2.795      ;
; -2.025 ; bit_counter[23] ; clk_counter[28] ; clk_3125     ; clk_3125    ; 1.000        ; -0.217     ; 2.795      ;
; -2.025 ; bit_counter[23] ; clk_counter[27] ; clk_3125     ; clk_3125    ; 1.000        ; -0.217     ; 2.795      ;
; -2.025 ; bit_counter[23] ; clk_counter[30] ; clk_3125     ; clk_3125    ; 1.000        ; -0.217     ; 2.795      ;
; -2.025 ; bit_counter[23] ; clk_counter[29] ; clk_3125     ; clk_3125    ; 1.000        ; -0.217     ; 2.795      ;
; -2.025 ; bit_counter[23] ; clk_counter[31] ; clk_3125     ; clk_3125    ; 1.000        ; -0.217     ; 2.795      ;
; -2.024 ; bit_counter[20] ; clk_counter[16] ; clk_3125     ; clk_3125    ; 1.000        ; -0.217     ; 2.794      ;
; -2.024 ; bit_counter[20] ; clk_counter[17] ; clk_3125     ; clk_3125    ; 1.000        ; -0.217     ; 2.794      ;
; -2.024 ; bit_counter[20] ; clk_counter[18] ; clk_3125     ; clk_3125    ; 1.000        ; -0.217     ; 2.794      ;
+--------+-----------------+-----------------+--------------+-------------+--------------+------------+------------+


+-------------------------------------------------------------------------------------------------------------------------------+
; Fast 1200mV 0C Model Hold: 'clk_3125'                                                                                         ;
+-------+------------------------+------------------------+--------------+-------------+--------------+------------+------------+
; Slack ; From Node              ; To Node                ; Launch Clock ; Latch Clock ; Relationship ; Clock Skew ; Data Delay ;
+-------+------------------------+------------------------+--------------+-------------+--------------+------------+------------+
; 0.179 ; rx_buffer[0]           ; rx_buffer[0]           ; clk_3125     ; clk_3125    ; 0.000        ; 0.044      ; 0.307      ;
; 0.179 ; rx_buffer[5]           ; rx_buffer[5]           ; clk_3125     ; clk_3125    ; 0.000        ; 0.044      ; 0.307      ;
; 0.179 ; rx_buffer[4]           ; rx_buffer[4]           ; clk_3125     ; clk_3125    ; 0.000        ; 0.044      ; 0.307      ;
; 0.179 ; rx_buffer[1]           ; rx_buffer[1]           ; clk_3125     ; clk_3125    ; 0.000        ; 0.044      ; 0.307      ;
; 0.179 ; rx_buffer[8]           ; rx_buffer[8]           ; clk_3125     ; clk_3125    ; 0.000        ; 0.044      ; 0.307      ;
; 0.180 ; rx_buffer[2]           ; rx_buffer[2]           ; clk_3125     ; clk_3125    ; 0.000        ; 0.043      ; 0.307      ;
; 0.180 ; rx_buffer[3]           ; rx_buffer[3]           ; clk_3125     ; clk_3125    ; 0.000        ; 0.043      ; 0.307      ;
; 0.180 ; rx_buffer[6]           ; rx_buffer[6]           ; clk_3125     ; clk_3125    ; 0.000        ; 0.043      ; 0.307      ;
; 0.180 ; rx_buffer[7]           ; rx_buffer[7]           ; clk_3125     ; clk_3125    ; 0.000        ; 0.043      ; 0.307      ;
; 0.187 ; rx_complete~reg0       ; rx_complete~reg0       ; clk_3125     ; clk_3125    ; 0.000        ; 0.036      ; 0.307      ;
; 0.187 ; current_state.S_PARITY ; current_state.S_PARITY ; clk_3125     ; clk_3125    ; 0.000        ; 0.036      ; 0.307      ;
; 0.187 ; current_state.S_STOP   ; current_state.S_STOP   ; clk_3125     ; clk_3125    ; 0.000        ; 0.036      ; 0.307      ;
; 0.187 ; current_state.S_MSG    ; current_state.S_MSG    ; clk_3125     ; clk_3125    ; 0.000        ; 0.036      ; 0.307      ;
; 0.187 ; current_state.S_START  ; current_state.S_START  ; clk_3125     ; clk_3125    ; 0.000        ; 0.036      ; 0.307      ;
; 0.280 ; bit_counter[10]        ; bit_counter[11]        ; clk_3125     ; clk_3125    ; 0.000        ; 0.221      ; 0.585      ;
; 0.283 ; bit_counter[10]        ; bit_counter[12]        ; clk_3125     ; clk_3125    ; 0.000        ; 0.221      ; 0.588      ;
; 0.291 ; bit_counter[8]         ; bit_counter[9]         ; clk_3125     ; clk_3125    ; 0.000        ; 0.221      ; 0.596      ;
; 0.296 ; bit_counter[15]        ; bit_counter[15]        ; clk_3125     ; clk_3125    ; 0.000        ; 0.043      ; 0.423      ;
; 0.297 ; bit_counter[13]        ; bit_counter[13]        ; clk_3125     ; clk_3125    ; 0.000        ; 0.043      ; 0.424      ;
; 0.297 ; bit_counter[31]        ; bit_counter[31]        ; clk_3125     ; clk_3125    ; 0.000        ; 0.043      ; 0.424      ;
; 0.298 ; bit_counter[17]        ; bit_counter[17]        ; clk_3125     ; clk_3125    ; 0.000        ; 0.043      ; 0.425      ;
; 0.298 ; bit_counter[19]        ; bit_counter[19]        ; clk_3125     ; clk_3125    ; 0.000        ; 0.043      ; 0.425      ;
; 0.298 ; bit_counter[21]        ; bit_counter[21]        ; clk_3125     ; clk_3125    ; 0.000        ; 0.043      ; 0.425      ;
; 0.298 ; bit_counter[29]        ; bit_counter[29]        ; clk_3125     ; clk_3125    ; 0.000        ; 0.043      ; 0.425      ;
; 0.299 ; bit_counter[14]        ; bit_counter[14]        ; clk_3125     ; clk_3125    ; 0.000        ; 0.043      ; 0.426      ;
; 0.299 ; bit_counter[16]        ; bit_counter[16]        ; clk_3125     ; clk_3125    ; 0.000        ; 0.043      ; 0.426      ;
; 0.299 ; bit_counter[23]        ; bit_counter[23]        ; clk_3125     ; clk_3125    ; 0.000        ; 0.043      ; 0.426      ;
; 0.299 ; bit_counter[25]        ; bit_counter[25]        ; clk_3125     ; clk_3125    ; 0.000        ; 0.043      ; 0.426      ;
; 0.299 ; bit_counter[9]         ; bit_counter[9]         ; clk_3125     ; clk_3125    ; 0.000        ; 0.043      ; 0.426      ;
; 0.300 ; bit_counter[18]        ; bit_counter[18]        ; clk_3125     ; clk_3125    ; 0.000        ; 0.043      ; 0.427      ;
; 0.300 ; bit_counter[20]        ; bit_counter[20]        ; clk_3125     ; clk_3125    ; 0.000        ; 0.043      ; 0.427      ;
; 0.300 ; bit_counter[24]        ; bit_counter[24]        ; clk_3125     ; clk_3125    ; 0.000        ; 0.043      ; 0.427      ;
; 0.300 ; bit_counter[30]        ; bit_counter[30]        ; clk_3125     ; clk_3125    ; 0.000        ; 0.043      ; 0.427      ;
; 0.301 ; bit_counter[26]        ; bit_counter[26]        ; clk_3125     ; clk_3125    ; 0.000        ; 0.043      ; 0.428      ;
; 0.301 ; bit_counter[28]        ; bit_counter[28]        ; clk_3125     ; clk_3125    ; 0.000        ; 0.043      ; 0.428      ;
; 0.303 ; clk_counter[15]        ; clk_counter[15]        ; clk_3125     ; clk_3125    ; 0.000        ; 0.036      ; 0.423      ;
; 0.303 ; bit_counter[5]         ; bit_counter[5]         ; clk_3125     ; clk_3125    ; 0.000        ; 0.037      ; 0.424      ;
; 0.304 ; clk_counter[3]         ; clk_counter[3]         ; clk_3125     ; clk_3125    ; 0.000        ; 0.036      ; 0.424      ;
; 0.304 ; clk_counter[5]         ; clk_counter[5]         ; clk_3125     ; clk_3125    ; 0.000        ; 0.036      ; 0.424      ;
; 0.304 ; clk_counter[13]        ; clk_counter[13]        ; clk_3125     ; clk_3125    ; 0.000        ; 0.036      ; 0.424      ;
; 0.304 ; clk_counter[31]        ; clk_counter[31]        ; clk_3125     ; clk_3125    ; 0.000        ; 0.036      ; 0.424      ;
; 0.305 ; clk_counter[6]         ; clk_counter[6]         ; clk_3125     ; clk_3125    ; 0.000        ; 0.036      ; 0.425      ;
; 0.305 ; clk_counter[7]         ; clk_counter[7]         ; clk_3125     ; clk_3125    ; 0.000        ; 0.036      ; 0.425      ;
; 0.305 ; clk_counter[11]        ; clk_counter[11]        ; clk_3125     ; clk_3125    ; 0.000        ; 0.036      ; 0.425      ;
; 0.305 ; clk_counter[17]        ; clk_counter[17]        ; clk_3125     ; clk_3125    ; 0.000        ; 0.036      ; 0.425      ;
; 0.305 ; clk_counter[19]        ; clk_counter[19]        ; clk_3125     ; clk_3125    ; 0.000        ; 0.036      ; 0.425      ;
; 0.305 ; clk_counter[21]        ; clk_counter[21]        ; clk_3125     ; clk_3125    ; 0.000        ; 0.036      ; 0.425      ;
; 0.305 ; clk_counter[27]        ; clk_counter[27]        ; clk_3125     ; clk_3125    ; 0.000        ; 0.036      ; 0.425      ;
; 0.305 ; clk_counter[29]        ; clk_counter[29]        ; clk_3125     ; clk_3125    ; 0.000        ; 0.036      ; 0.425      ;
; 0.305 ; clk_counter[1]         ; clk_counter[1]         ; clk_3125     ; clk_3125    ; 0.000        ; 0.036      ; 0.425      ;
; 0.306 ; clk_counter[9]         ; clk_counter[9]         ; clk_3125     ; clk_3125    ; 0.000        ; 0.036      ; 0.426      ;
; 0.306 ; clk_counter[2]         ; clk_counter[2]         ; clk_3125     ; clk_3125    ; 0.000        ; 0.036      ; 0.426      ;
; 0.306 ; clk_counter[8]         ; clk_counter[8]         ; clk_3125     ; clk_3125    ; 0.000        ; 0.036      ; 0.426      ;
; 0.306 ; clk_counter[14]        ; clk_counter[14]        ; clk_3125     ; clk_3125    ; 0.000        ; 0.036      ; 0.426      ;
; 0.306 ; clk_counter[16]        ; clk_counter[16]        ; clk_3125     ; clk_3125    ; 0.000        ; 0.036      ; 0.426      ;
; 0.306 ; clk_counter[22]        ; clk_counter[22]        ; clk_3125     ; clk_3125    ; 0.000        ; 0.036      ; 0.426      ;
; 0.306 ; clk_counter[23]        ; clk_counter[23]        ; clk_3125     ; clk_3125    ; 0.000        ; 0.036      ; 0.426      ;
; 0.306 ; clk_counter[25]        ; clk_counter[25]        ; clk_3125     ; clk_3125    ; 0.000        ; 0.036      ; 0.426      ;
; 0.306 ; bit_counter[4]         ; bit_counter[4]         ; clk_3125     ; clk_3125    ; 0.000        ; 0.037      ; 0.427      ;
; 0.306 ; bit_counter[10]        ; bit_counter[10]        ; clk_3125     ; clk_3125    ; 0.000        ; 0.037      ; 0.427      ;
; 0.307 ; clk_counter[4]         ; clk_counter[4]         ; clk_3125     ; clk_3125    ; 0.000        ; 0.036      ; 0.427      ;
; 0.307 ; clk_counter[10]        ; clk_counter[10]        ; clk_3125     ; clk_3125    ; 0.000        ; 0.036      ; 0.427      ;
; 0.307 ; clk_counter[12]        ; clk_counter[12]        ; clk_3125     ; clk_3125    ; 0.000        ; 0.036      ; 0.427      ;
; 0.307 ; clk_counter[18]        ; clk_counter[18]        ; clk_3125     ; clk_3125    ; 0.000        ; 0.036      ; 0.427      ;
; 0.307 ; clk_counter[20]        ; clk_counter[20]        ; clk_3125     ; clk_3125    ; 0.000        ; 0.036      ; 0.427      ;
; 0.307 ; clk_counter[24]        ; clk_counter[24]        ; clk_3125     ; clk_3125    ; 0.000        ; 0.036      ; 0.427      ;
; 0.307 ; clk_counter[30]        ; clk_counter[30]        ; clk_3125     ; clk_3125    ; 0.000        ; 0.036      ; 0.427      ;
; 0.308 ; clk_counter[26]        ; clk_counter[26]        ; clk_3125     ; clk_3125    ; 0.000        ; 0.036      ; 0.428      ;
; 0.308 ; clk_counter[28]        ; clk_counter[28]        ; clk_3125     ; clk_3125    ; 0.000        ; 0.036      ; 0.428      ;
; 0.309 ; bit_counter[11]        ; bit_counter[11]        ; clk_3125     ; clk_3125    ; 0.000        ; 0.043      ; 0.436      ;
; 0.310 ; bit_counter[22]        ; bit_counter[22]        ; clk_3125     ; clk_3125    ; 0.000        ; 0.043      ; 0.437      ;
; 0.310 ; bit_counter[27]        ; bit_counter[27]        ; clk_3125     ; clk_3125    ; 0.000        ; 0.043      ; 0.437      ;
; 0.311 ; bit_counter[12]        ; bit_counter[12]        ; clk_3125     ; clk_3125    ; 0.000        ; 0.043      ; 0.438      ;
; 0.315 ; bit_counter[1]         ; bit_counter[1]         ; clk_3125     ; clk_3125    ; 0.000        ; 0.037      ; 0.436      ;
; 0.315 ; bit_counter[3]         ; bit_counter[3]         ; clk_3125     ; clk_3125    ; 0.000        ; 0.037      ; 0.436      ;
; 0.316 ; bit_counter[6]         ; bit_counter[6]         ; clk_3125     ; clk_3125    ; 0.000        ; 0.037      ; 0.437      ;
; 0.316 ; bit_counter[7]         ; bit_counter[7]         ; clk_3125     ; clk_3125    ; 0.000        ; 0.037      ; 0.437      ;
; 0.317 ; bit_counter[2]         ; bit_counter[2]         ; clk_3125     ; clk_3125    ; 0.000        ; 0.037      ; 0.438      ;
; 0.317 ; bit_counter[8]         ; bit_counter[8]         ; clk_3125     ; clk_3125    ; 0.000        ; 0.037      ; 0.438      ;
; 0.327 ; bit_counter[0]         ; bit_counter[0]         ; clk_3125     ; clk_3125    ; 0.000        ; 0.037      ; 0.448      ;
; 0.328 ; clk_counter[0]         ; clk_counter[0]         ; clk_3125     ; clk_3125    ; 0.000        ; 0.036      ; 0.448      ;
; 0.328 ; current_state.S_IDLE   ; current_state.S_START  ; clk_3125     ; clk_3125    ; 0.000        ; 0.036      ; 0.448      ;
; 0.329 ; current_state.S_STOP   ; rx_complete~reg0       ; clk_3125     ; clk_3125    ; 0.000        ; 0.036      ; 0.449      ;
; 0.344 ; bit_counter[7]         ; bit_counter[9]         ; clk_3125     ; clk_3125    ; 0.000        ; 0.221      ; 0.649      ;
; 0.346 ; current_state.S_START  ; rx_complete~reg0       ; clk_3125     ; clk_3125    ; 0.000        ; 0.036      ; 0.466      ;
; 0.346 ; bit_counter[10]        ; bit_counter[13]        ; clk_3125     ; clk_3125    ; 0.000        ; 0.221      ; 0.651      ;
; 0.349 ; bit_counter[10]        ; bit_counter[14]        ; clk_3125     ; clk_3125    ; 0.000        ; 0.221      ; 0.654      ;
; 0.356 ; bit_counter[6]         ; bit_counter[9]         ; clk_3125     ; clk_3125    ; 0.000        ; 0.221      ; 0.661      ;
; 0.357 ; bit_counter[8]         ; bit_counter[11]        ; clk_3125     ; clk_3125    ; 0.000        ; 0.221      ; 0.662      ;
; 0.360 ; bit_counter[8]         ; bit_counter[12]        ; clk_3125     ; clk_3125    ; 0.000        ; 0.221      ; 0.665      ;
; 0.381 ; rx_buffer[0]           ; rx_parity~reg0         ; clk_3125     ; clk_3125    ; 0.000        ; -0.139     ; 0.326      ;
; 0.397 ; bit_counter[5]         ; bit_counter[9]         ; clk_3125     ; clk_3125    ; 0.000        ; 0.221      ; 0.702      ;
; 0.410 ; bit_counter[7]         ; bit_counter[11]        ; clk_3125     ; clk_3125    ; 0.000        ; 0.221      ; 0.715      ;
; 0.412 ; bit_counter[10]        ; bit_counter[15]        ; clk_3125     ; clk_3125    ; 0.000        ; 0.221      ; 0.717      ;
; 0.412 ; bit_counter[4]         ; bit_counter[9]         ; clk_3125     ; clk_3125    ; 0.000        ; 0.221      ; 0.717      ;
; 0.413 ; bit_counter[7]         ; bit_counter[12]        ; clk_3125     ; clk_3125    ; 0.000        ; 0.221      ; 0.718      ;
; 0.417 ; bit_counter[10]        ; bit_counter[16]        ; clk_3125     ; clk_3125    ; 0.000        ; 0.219      ; 0.720      ;
; 0.422 ; bit_counter[6]         ; bit_counter[11]        ; clk_3125     ; clk_3125    ; 0.000        ; 0.221      ; 0.727      ;
; 0.423 ; bit_counter[8]         ; bit_counter[13]        ; clk_3125     ; clk_3125    ; 0.000        ; 0.221      ; 0.728      ;
; 0.425 ; bit_counter[6]         ; bit_counter[12]        ; clk_3125     ; clk_3125    ; 0.000        ; 0.221      ; 0.730      ;
+-------+------------------------+------------------------+--------------+-------------+--------------+------------+------------+


----------------------------------------------
; Fast 1200mV 0C Model Metastability Summary ;
----------------------------------------------
No synchronizer chains to report.


+--------------------------------------------------------------------------------+
; Multicorner Timing Analysis Summary                                            ;
+------------------+----------+-------+----------+---------+---------------------+
; Clock            ; Setup    ; Hold  ; Recovery ; Removal ; Minimum Pulse Width ;
+------------------+----------+-------+----------+---------+---------------------+
; Worst-case Slack ; -4.881   ; 0.179 ; N/A      ; N/A     ; -3.000              ;
;  clk_3125        ; -4.881   ; 0.179 ; N/A      ; N/A     ; -3.000              ;
; Design-wide TNS  ; -378.792 ; 0.0   ; 0.0      ; 0.0     ; -96.463             ;
;  clk_3125        ; -378.792 ; 0.000 ; N/A      ; N/A     ; -96.463             ;
+------------------+----------+-------+----------+---------+---------------------+


+------------------------------------------------------------------------------------------------------------------------------------------------------------------------------------------------------------------------------------------------------------------------------------------------------------------------------------------------------------------------------------------------------------------+
; Board Trace Model Assignments                                                                                                                                                                                                                                                                                                                                                                                    ;
+---------------+--------------+-------------------+-------------------------+-------------------------+---------------+---------------------+----------------+------------------+--------+------------------+------------------------+------------------------+--------------+---------------+-----------------+-------+---------------------+--------------------+---------------+-----------------+-------------+
; Pin           ; I/O Standard ; Near Tline Length ; Near Tline L per Length ; Near Tline C per Length ; Near Series R ; Near Differential R ; Near Pull-up R ; Near Pull-down R ; Near C ; Far Tline Length ; Far Tline L per Length ; Far Tline C per Length ; Far Series R ; Far Pull-up R ; Far Pull-down R ; Far C ; Termination Voltage ; Far Differential R ; EBD File Name ; EBD Signal Name ; EBD Far-end ;
+---------------+--------------+-------------------+-------------------------+-------------------------+---------------+---------------------+----------------+------------------+--------+------------------+------------------------+------------------------+--------------+---------------+-----------------+-------+---------------------+--------------------+---------------+-----------------+-------------+
; rx_msg[0]     ; 2.5 V        ; 0 in              ; 0 H/in                  ; 0 F/in                  ; short         ; -                   ; open           ; open             ; open   ; 0 in             ; 0 H/in                 ; 0 F/in                 ; short        ; open          ; open            ; open  ; 0 V                 ; -                  ; n/a           ; n/a             ; n/a         ;
; rx_msg[1]     ; 2.5 V        ; 0 in              ; 0 H/in                  ; 0 F/in                  ; short         ; -                   ; open           ; open             ; open   ; 0 in             ; 0 H/in                 ; 0 F/in                 ; short        ; open          ; open            ; open  ; 0 V                 ; -                  ; n/a           ; n/a             ; n/a         ;
; rx_msg[2]     ; 2.5 V        ; 0 in              ; 0 H/in                  ; 0 F/in                  ; short         ; -                   ; open           ; open             ; open   ; 0 in             ; 0 H/in                 ; 0 F/in                 ; short        ; open          ; open            ; open  ; 0 V                 ; -                  ; n/a           ; n/a             ; n/a         ;
; rx_msg[3]     ; 2.5 V        ; 0 in              ; 0 H/in                  ; 0 F/in                  ; short         ; -                   ; open           ; open             ; open   ; 0 in             ; 0 H/in                 ; 0 F/in                 ; short        ; open          ; open            ; open  ; 0 V                 ; -                  ; n/a           ; n/a             ; n/a         ;
; rx_msg[4]     ; 2.5 V        ; 0 in              ; 0 H/in                  ; 0 F/in                  ; short         ; -                   ; open           ; open             ; open   ; 0 in             ; 0 H/in                 ; 0 F/in                 ; short        ; open          ; open            ; open  ; 0 V                 ; -                  ; n/a           ; n/a             ; n/a         ;
; rx_msg[5]     ; 2.5 V        ; 0 in              ; 0 H/in                  ; 0 F/in                  ; short         ; -                   ; open           ; open             ; open   ; 0 in             ; 0 H/in                 ; 0 F/in                 ; short        ; open          ; open            ; open  ; 0 V                 ; -                  ; n/a           ; n/a             ; n/a         ;
; rx_msg[6]     ; 2.5 V        ; 0 in              ; 0 H/in                  ; 0 F/in                  ; short         ; -                   ; open           ; open             ; open   ; 0 in             ; 0 H/in                 ; 0 F/in                 ; short        ; open          ; open            ; open  ; 0 V                 ; -                  ; n/a           ; n/a             ; n/a         ;
; rx_msg[7]     ; 2.5 V        ; 0 in              ; 0 H/in                  ; 0 F/in                  ; short         ; -                   ; open           ; open             ; open   ; 0 in             ; 0 H/in                 ; 0 F/in                 ; short        ; open          ; open            ; open  ; 0 V                 ; -                  ; n/a           ; n/a             ; n/a         ;
; rx_parity     ; 2.5 V        ; 0 in              ; 0 H/in                  ; 0 F/in                  ; short         ; -                   ; open           ; open             ; open   ; 0 in             ; 0 H/in                 ; 0 F/in                 ; short        ; open          ; open            ; open  ; 0 V                 ; -                  ; n/a           ; n/a             ; n/a         ;
; rx_complete   ; 2.5 V        ; 0 in              ; 0 H/in                  ; 0 F/in                  ; short         ; -                   ; open           ; open             ; open   ; 0 in             ; 0 H/in                 ; 0 F/in                 ; short        ; open          ; open            ; open  ; 0 V                 ; -                  ; n/a           ; n/a             ; n/a         ;
; ~ALTERA_DCLK~ ; 2.5 V        ; 0 in              ; 0 H/in                  ; 0 F/in                  ; short         ; -                   ; open           ; open             ; open   ; 0 in             ; 0 H/in                 ; 0 F/in                 ; short        ; open          ; open            ; open  ; 0 V                 ; -                  ; n/a           ; n/a             ; n/a         ;
; ~ALTERA_nCEO~ ; 2.5 V        ; 0 in              ; 0 H/in                  ; 0 F/in                  ; short         ; -                   ; open           ; open             ; open   ; 0 in             ; 0 H/in                 ; 0 F/in                 ; short        ; open          ; open            ; open  ; 0 V                 ; -                  ; n/a           ; n/a             ; n/a         ;
+---------------+--------------+-------------------+-------------------------+-------------------------+---------------+---------------------+----------------+------------------+--------+------------------+------------------------+------------------------+--------------+---------------+-----------------+-------+---------------------+--------------------+---------------+-----------------+-------------+


+----------------------------------------------------------------------------+
; Input Transition Times                                                     ;
+-------------------------+--------------+-----------------+-----------------+
; Pin                     ; I/O Standard ; 10-90 Rise Time ; 90-10 Fall Time ;
+-------------------------+--------------+-----------------+-----------------+
; clk_3125                ; 2.5 V        ; 2000 ps         ; 2000 ps         ;
; rx                      ; 2.5 V        ; 2000 ps         ; 2000 ps         ;
; ~ALTERA_ASDO_DATA1~     ; 2.5 V        ; 2000 ps         ; 2000 ps         ;
; ~ALTERA_FLASH_nCE_nCSO~ ; 2.5 V        ; 2000 ps         ; 2000 ps         ;
; ~ALTERA_DATA0~          ; 2.5 V        ; 2000 ps         ; 2000 ps         ;
+-------------------------+--------------+-----------------+-----------------+


+--------------------------------------------------------------------------------------------------------------------------------------------------------------------------------------------------------------------------------------------------------------------------------------------------------------------------------------------------------------------------------------------------------------------------------------------------------------------------------------------------------------------------------------------------------------------------------------------------------------------------------------------------------------------------------------------+
; Signal Integrity Metrics (Slow 1200mv 0c Model)                                                                                                                                                                                                                                                                                                                                                                                                                                                                                                                                                                                                                                            ;
+---------------+--------------+---------------------+---------------------+------------------------------+------------------------------+---------------------+---------------------+--------------------------------------+--------------------------------------+-----------------------------+-----------------------------+----------------------------+----------------------------+-----------------------------+-----------------------------+--------------------+--------------------+-------------------------------------+-------------------------------------+----------------------------+----------------------------+---------------------------+---------------------------+
; Pin           ; I/O Standard ; Board Delay on Rise ; Board Delay on Fall ; Steady State Voh at FPGA Pin ; Steady State Vol at FPGA Pin ; Voh Max at FPGA Pin ; Vol Min at FPGA Pin ; Ringback Voltage on Rise at FPGA Pin ; Ringback Voltage on Fall at FPGA Pin ; 10-90 Rise Time at FPGA Pin ; 90-10 Fall Time at FPGA Pin ; Monotonic Rise at FPGA Pin ; Monotonic Fall at FPGA Pin ; Steady State Voh at Far-end ; Steady State Vol at Far-end ; Voh Max at Far-end ; Vol Min at Far-end ; Ringback Voltage on Rise at Far-end ; Ringback Voltage on Fall at Far-end ; 10-90 Rise Time at Far-end ; 90-10 Fall Time at Far-end ; Monotonic Rise at Far-end ; Monotonic Fall at Far-end ;
+---------------+--------------+---------------------+---------------------+------------------------------+------------------------------+---------------------+---------------------+--------------------------------------+--------------------------------------+-----------------------------+-----------------------------+----------------------------+----------------------------+-----------------------------+-----------------------------+--------------------+--------------------+-------------------------------------+-------------------------------------+----------------------------+----------------------------+---------------------------+---------------------------+
; rx_msg[0]     ; 2.5 V        ; 0 s                 ; 0 s                 ; 2.32 V                       ; 5.95e-09 V                   ; 2.38 V              ; -0.016 V            ; 0.22 V                               ; 0.025 V                              ; 3.06e-10 s                  ; 3.3e-10 s                   ; Yes                        ; Yes                        ; 2.32 V                      ; 5.95e-09 V                  ; 2.38 V             ; -0.016 V           ; 0.22 V                              ; 0.025 V                             ; 3.06e-10 s                 ; 3.3e-10 s                  ; Yes                       ; Yes                       ;
; rx_msg[1]     ; 2.5 V        ; 0 s                 ; 0 s                 ; 2.32 V                       ; 5.95e-09 V                   ; 2.38 V              ; -0.016 V            ; 0.22 V                               ; 0.025 V                              ; 3.06e-10 s                  ; 3.3e-10 s                   ; Yes                        ; Yes                        ; 2.32 V                      ; 5.95e-09 V                  ; 2.38 V             ; -0.016 V           ; 0.22 V                              ; 0.025 V                             ; 3.06e-10 s                 ; 3.3e-10 s                  ; Yes                       ; Yes                       ;
; rx_msg[2]     ; 2.5 V        ; 0 s                 ; 0 s                 ; 2.32 V                       ; 5.95e-09 V                   ; 2.38 V              ; -0.016 V            ; 0.22 V                               ; 0.025 V                              ; 3.06e-10 s                  ; 3.3e-10 s                   ; Yes                        ; Yes                        ; 2.32 V                      ; 5.95e-09 V                  ; 2.38 V             ; -0.016 V           ; 0.22 V                              ; 0.025 V                             ; 3.06e-10 s                 ; 3.3e-10 s                  ; Yes                       ; Yes                       ;
; rx_msg[3]     ; 2.5 V        ; 0 s                 ; 0 s                 ; 2.32 V                       ; 5.95e-09 V                   ; 2.38 V              ; -0.016 V            ; 0.22 V                               ; 0.025 V                              ; 3.06e-10 s                  ; 3.3e-10 s                   ; Yes                        ; Yes                        ; 2.32 V                      ; 5.95e-09 V                  ; 2.38 V             ; -0.016 V           ; 0.22 V                              ; 0.025 V                             ; 3.06e-10 s                 ; 3.3e-10 s                  ; Yes                       ; Yes                       ;
; rx_msg[4]     ; 2.5 V        ; 0 s                 ; 0 s                 ; 2.32 V                       ; 5.95e-09 V                   ; 2.38 V              ; -0.016 V            ; 0.22 V                               ; 0.025 V                              ; 3.06e-10 s                  ; 3.3e-10 s                   ; Yes                        ; Yes                        ; 2.32 V                      ; 5.95e-09 V                  ; 2.38 V             ; -0.016 V           ; 0.22 V                              ; 0.025 V                             ; 3.06e-10 s                 ; 3.3e-10 s                  ; Yes                       ; Yes                       ;
; rx_msg[5]     ; 2.5 V        ; 0 s                 ; 0 s                 ; 2.32 V                       ; 5.95e-09 V                   ; 2.38 V              ; -0.016 V            ; 0.22 V                               ; 0.025 V                              ; 3.06e-10 s                  ; 3.3e-10 s                   ; Yes                        ; Yes                        ; 2.32 V                      ; 5.95e-09 V                  ; 2.38 V             ; -0.016 V           ; 0.22 V                              ; 0.025 V                             ; 3.06e-10 s                 ; 3.3e-10 s                  ; Yes                       ; Yes                       ;
; rx_msg[6]     ; 2.5 V        ; 0 s                 ; 0 s                 ; 2.32 V                       ; 5.95e-09 V                   ; 2.38 V              ; -0.016 V            ; 0.22 V                               ; 0.025 V                              ; 3.06e-10 s                  ; 3.3e-10 s                   ; Yes                        ; Yes                        ; 2.32 V                      ; 5.95e-09 V                  ; 2.38 V             ; -0.016 V           ; 0.22 V                              ; 0.025 V                             ; 3.06e-10 s                 ; 3.3e-10 s                  ; Yes                       ; Yes                       ;
; rx_msg[7]     ; 2.5 V        ; 0 s                 ; 0 s                 ; 2.32 V                       ; 5.95e-09 V                   ; 2.38 V              ; -0.016 V            ; 0.22 V                               ; 0.025 V                              ; 3.06e-10 s                  ; 3.3e-10 s                   ; Yes                        ; Yes                        ; 2.32 V                      ; 5.95e-09 V                  ; 2.38 V             ; -0.016 V           ; 0.22 V                              ; 0.025 V                             ; 3.06e-10 s                 ; 3.3e-10 s                  ; Yes                       ; Yes                       ;
; rx_parity     ; 2.5 V        ; 0 s                 ; 0 s                 ; 2.32 V                       ; 5.95e-09 V                   ; 2.38 V              ; -0.016 V            ; 0.22 V                               ; 0.025 V                              ; 3.06e-10 s                  ; 3.3e-10 s                   ; Yes                        ; Yes                        ; 2.32 V                      ; 5.95e-09 V                  ; 2.38 V             ; -0.016 V           ; 0.22 V                              ; 0.025 V                             ; 3.06e-10 s                 ; 3.3e-10 s                  ; Yes                       ; Yes                       ;
; rx_complete   ; 2.5 V        ; 0 s                 ; 0 s                 ; 2.32 V                       ; 5.95e-09 V                   ; 2.38 V              ; -0.016 V            ; 0.22 V                               ; 0.025 V                              ; 3.06e-10 s                  ; 3.3e-10 s                   ; Yes                        ; Yes                        ; 2.32 V                      ; 5.95e-09 V                  ; 2.38 V             ; -0.016 V           ; 0.22 V                              ; 0.025 V                             ; 3.06e-10 s                 ; 3.3e-10 s                  ; Yes                       ; Yes                       ;
; ~ALTERA_DCLK~ ; 2.5 V        ; 0 s                 ; 0 s                 ; 2.32 V                       ; 3.45e-09 V                   ; 2.38 V              ; -0.0609 V           ; 0.148 V                              ; 0.095 V                              ; 2.82e-10 s                  ; 2.59e-10 s                  ; Yes                        ; Yes                        ; 2.32 V                      ; 3.45e-09 V                  ; 2.38 V             ; -0.0609 V          ; 0.148 V                             ; 0.095 V                             ; 2.82e-10 s                 ; 2.59e-10 s                 ; Yes                       ; Yes                       ;
; ~ALTERA_nCEO~ ; 2.5 V        ; 0 s                 ; 0 s                 ; 2.32 V                       ; 5.61e-09 V                   ; 2.38 V              ; -0.00274 V          ; 0.141 V                              ; 0.006 V                              ; 4.7e-10 s                   ; 6.02e-10 s                  ; Yes                        ; Yes                        ; 2.32 V                      ; 5.61e-09 V                  ; 2.38 V             ; -0.00274 V         ; 0.141 V                             ; 0.006 V                             ; 4.7e-10 s                  ; 6.02e-10 s                 ; Yes                       ; Yes                       ;
+---------------+--------------+---------------------+---------------------+------------------------------+------------------------------+---------------------+---------------------+--------------------------------------+--------------------------------------+-----------------------------+-----------------------------+----------------------------+----------------------------+-----------------------------+-----------------------------+--------------------+--------------------+-------------------------------------+-------------------------------------+----------------------------+----------------------------+---------------------------+---------------------------+


+--------------------------------------------------------------------------------------------------------------------------------------------------------------------------------------------------------------------------------------------------------------------------------------------------------------------------------------------------------------------------------------------------------------------------------------------------------------------------------------------------------------------------------------------------------------------------------------------------------------------------------------------------------------------------------------------+
; Signal Integrity Metrics (Slow 1200mv 85c Model)                                                                                                                                                                                                                                                                                                                                                                                                                                                                                                                                                                                                                                           ;
+---------------+--------------+---------------------+---------------------+------------------------------+------------------------------+---------------------+---------------------+--------------------------------------+--------------------------------------+-----------------------------+-----------------------------+----------------------------+----------------------------+-----------------------------+-----------------------------+--------------------+--------------------+-------------------------------------+-------------------------------------+----------------------------+----------------------------+---------------------------+---------------------------+
; Pin           ; I/O Standard ; Board Delay on Rise ; Board Delay on Fall ; Steady State Voh at FPGA Pin ; Steady State Vol at FPGA Pin ; Voh Max at FPGA Pin ; Vol Min at FPGA Pin ; Ringback Voltage on Rise at FPGA Pin ; Ringback Voltage on Fall at FPGA Pin ; 10-90 Rise Time at FPGA Pin ; 90-10 Fall Time at FPGA Pin ; Monotonic Rise at FPGA Pin ; Monotonic Fall at FPGA Pin ; Steady State Voh at Far-end ; Steady State Vol at Far-end ; Voh Max at Far-end ; Vol Min at Far-end ; Ringback Voltage on Rise at Far-end ; Ringback Voltage on Fall at Far-end ; 10-90 Rise Time at Far-end ; 90-10 Fall Time at Far-end ; Monotonic Rise at Far-end ; Monotonic Fall at Far-end ;
+---------------+--------------+---------------------+---------------------+------------------------------+------------------------------+---------------------+---------------------+--------------------------------------+--------------------------------------+-----------------------------+-----------------------------+----------------------------+----------------------------+-----------------------------+-----------------------------+--------------------+--------------------+-------------------------------------+-------------------------------------+----------------------------+----------------------------+---------------------------+---------------------------+
; rx_msg[0]     ; 2.5 V        ; 0 s                 ; 0 s                 ; 2.32 V                       ; 1.06e-06 V                   ; 2.36 V              ; -0.00724 V          ; 0.107 V                              ; 0.02 V                               ; 4.5e-10 s                   ; 4.25e-10 s                  ; Yes                        ; Yes                        ; 2.32 V                      ; 1.06e-06 V                  ; 2.36 V             ; -0.00724 V         ; 0.107 V                             ; 0.02 V                              ; 4.5e-10 s                  ; 4.25e-10 s                 ; Yes                       ; Yes                       ;
; rx_msg[1]     ; 2.5 V        ; 0 s                 ; 0 s                 ; 2.32 V                       ; 1.06e-06 V                   ; 2.36 V              ; -0.00724 V          ; 0.107 V                              ; 0.02 V                               ; 4.5e-10 s                   ; 4.25e-10 s                  ; Yes                        ; Yes                        ; 2.32 V                      ; 1.06e-06 V                  ; 2.36 V             ; -0.00724 V         ; 0.107 V                             ; 0.02 V                              ; 4.5e-10 s                  ; 4.25e-10 s                 ; Yes                       ; Yes                       ;
; rx_msg[2]     ; 2.5 V        ; 0 s                 ; 0 s                 ; 2.32 V                       ; 1.06e-06 V                   ; 2.36 V              ; -0.00724 V          ; 0.107 V                              ; 0.02 V                               ; 4.5e-10 s                   ; 4.25e-10 s                  ; Yes                        ; Yes                        ; 2.32 V                      ; 1.06e-06 V                  ; 2.36 V             ; -0.00724 V         ; 0.107 V                             ; 0.02 V                              ; 4.5e-10 s                  ; 4.25e-10 s                 ; Yes                       ; Yes                       ;
; rx_msg[3]     ; 2.5 V        ; 0 s                 ; 0 s                 ; 2.32 V                       ; 1.06e-06 V                   ; 2.36 V              ; -0.00724 V          ; 0.107 V                              ; 0.02 V                               ; 4.5e-10 s                   ; 4.25e-10 s                  ; Yes                        ; Yes                        ; 2.32 V                      ; 1.06e-06 V                  ; 2.36 V             ; -0.00724 V         ; 0.107 V                             ; 0.02 V                              ; 4.5e-10 s                  ; 4.25e-10 s                 ; Yes                       ; Yes                       ;
; rx_msg[4]     ; 2.5 V        ; 0 s                 ; 0 s                 ; 2.32 V                       ; 1.06e-06 V                   ; 2.36 V              ; -0.00724 V          ; 0.107 V                              ; 0.02 V                               ; 4.5e-10 s                   ; 4.25e-10 s                  ; Yes                        ; Yes                        ; 2.32 V                      ; 1.06e-06 V                  ; 2.36 V             ; -0.00724 V         ; 0.107 V                             ; 0.02 V                              ; 4.5e-10 s                  ; 4.25e-10 s                 ; Yes                       ; Yes                       ;
; rx_msg[5]     ; 2.5 V        ; 0 s                 ; 0 s                 ; 2.32 V                       ; 1.06e-06 V                   ; 2.36 V              ; -0.00724 V          ; 0.107 V                              ; 0.02 V                               ; 4.5e-10 s                   ; 4.25e-10 s                  ; Yes                        ; Yes                        ; 2.32 V                      ; 1.06e-06 V                  ; 2.36 V             ; -0.00724 V         ; 0.107 V                             ; 0.02 V                              ; 4.5e-10 s                  ; 4.25e-10 s                 ; Yes                       ; Yes                       ;
; rx_msg[6]     ; 2.5 V        ; 0 s                 ; 0 s                 ; 2.32 V                       ; 1.06e-06 V                   ; 2.36 V              ; -0.00724 V          ; 0.107 V                              ; 0.02 V                               ; 4.5e-10 s                   ; 4.25e-10 s                  ; Yes                        ; Yes                        ; 2.32 V                      ; 1.06e-06 V                  ; 2.36 V             ; -0.00724 V         ; 0.107 V                             ; 0.02 V                              ; 4.5e-10 s                  ; 4.25e-10 s                 ; Yes                       ; Yes                       ;
; rx_msg[7]     ; 2.5 V        ; 0 s                 ; 0 s                 ; 2.32 V                       ; 1.06e-06 V                   ; 2.36 V              ; -0.00724 V          ; 0.107 V                              ; 0.02 V                               ; 4.5e-10 s                   ; 4.25e-10 s                  ; Yes                        ; Yes                        ; 2.32 V                      ; 1.06e-06 V                  ; 2.36 V             ; -0.00724 V         ; 0.107 V                             ; 0.02 V                              ; 4.5e-10 s                  ; 4.25e-10 s                 ; Yes                       ; Yes                       ;
; rx_parity     ; 2.5 V        ; 0 s                 ; 0 s                 ; 2.32 V                       ; 1.06e-06 V                   ; 2.36 V              ; -0.00724 V          ; 0.107 V                              ; 0.02 V                               ; 4.5e-10 s                   ; 4.25e-10 s                  ; Yes                        ; Yes                        ; 2.32 V                      ; 1.06e-06 V                  ; 2.36 V             ; -0.00724 V         ; 0.107 V                             ; 0.02 V                              ; 4.5e-10 s                  ; 4.25e-10 s                 ; Yes                       ; Yes                       ;
; rx_complete   ; 2.5 V        ; 0 s                 ; 0 s                 ; 2.32 V                       ; 1.06e-06 V                   ; 2.36 V              ; -0.00724 V          ; 0.107 V                              ; 0.02 V                               ; 4.5e-10 s                   ; 4.25e-10 s                  ; Yes                        ; Yes                        ; 2.32 V                      ; 1.06e-06 V                  ; 2.36 V             ; -0.00724 V         ; 0.107 V                             ; 0.02 V                              ; 4.5e-10 s                  ; 4.25e-10 s                 ; Yes                       ; Yes                       ;
; ~ALTERA_DCLK~ ; 2.5 V        ; 0 s                 ; 0 s                 ; 2.32 V                       ; 5.74e-07 V                   ; 2.36 V              ; -0.0201 V           ; 0.072 V                              ; 0.033 V                              ; 4.04e-10 s                  ; 3.29e-10 s                  ; Yes                        ; Yes                        ; 2.32 V                      ; 5.74e-07 V                  ; 2.36 V             ; -0.0201 V          ; 0.072 V                             ; 0.033 V                             ; 4.04e-10 s                 ; 3.29e-10 s                 ; Yes                       ; Yes                       ;
; ~ALTERA_nCEO~ ; 2.5 V        ; 0 s                 ; 0 s                 ; 2.32 V                       ; 9.45e-07 V                   ; 2.35 V              ; -0.00643 V          ; 0.081 V                              ; 0.031 V                              ; 5.31e-10 s                  ; 7.59e-10 s                  ; Yes                        ; Yes                        ; 2.32 V                      ; 9.45e-07 V                  ; 2.35 V             ; -0.00643 V         ; 0.081 V                             ; 0.031 V                             ; 5.31e-10 s                 ; 7.59e-10 s                 ; Yes                       ; Yes                       ;
+---------------+--------------+---------------------+---------------------+------------------------------+------------------------------+---------------------+---------------------+--------------------------------------+--------------------------------------+-----------------------------+-----------------------------+----------------------------+----------------------------+-----------------------------+-----------------------------+--------------------+--------------------+-------------------------------------+-------------------------------------+----------------------------+----------------------------+---------------------------+---------------------------+


+--------------------------------------------------------------------------------------------------------------------------------------------------------------------------------------------------------------------------------------------------------------------------------------------------------------------------------------------------------------------------------------------------------------------------------------------------------------------------------------------------------------------------------------------------------------------------------------------------------------------------------------------------------------------------------------------+
; Signal Integrity Metrics (Fast 1200mv 0c Model)                                                                                                                                                                                                                                                                                                                                                                                                                                                                                                                                                                                                                                            ;
+---------------+--------------+---------------------+---------------------+------------------------------+------------------------------+---------------------+---------------------+--------------------------------------+--------------------------------------+-----------------------------+-----------------------------+----------------------------+----------------------------+-----------------------------+-----------------------------+--------------------+--------------------+-------------------------------------+-------------------------------------+----------------------------+----------------------------+---------------------------+---------------------------+
; Pin           ; I/O Standard ; Board Delay on Rise ; Board Delay on Fall ; Steady State Voh at FPGA Pin ; Steady State Vol at FPGA Pin ; Voh Max at FPGA Pin ; Vol Min at FPGA Pin ; Ringback Voltage on Rise at FPGA Pin ; Ringback Voltage on Fall at FPGA Pin ; 10-90 Rise Time at FPGA Pin ; 90-10 Fall Time at FPGA Pin ; Monotonic Rise at FPGA Pin ; Monotonic Fall at FPGA Pin ; Steady State Voh at Far-end ; Steady State Vol at Far-end ; Voh Max at Far-end ; Vol Min at Far-end ; Ringback Voltage on Rise at Far-end ; Ringback Voltage on Fall at Far-end ; 10-90 Rise Time at Far-end ; 90-10 Fall Time at Far-end ; Monotonic Rise at Far-end ; Monotonic Fall at Far-end ;
+---------------+--------------+---------------------+---------------------+------------------------------+------------------------------+---------------------+---------------------+--------------------------------------+--------------------------------------+-----------------------------+-----------------------------+----------------------------+----------------------------+-----------------------------+-----------------------------+--------------------+--------------------+-------------------------------------+-------------------------------------+----------------------------+----------------------------+---------------------------+---------------------------+
; rx_msg[0]     ; 2.5 V        ; 0 s                 ; 0 s                 ; 2.62 V                       ; 4.05e-08 V                   ; 2.72 V              ; -0.0349 V           ; 0.173 V                              ; 0.1 V                                ; 2.72e-10 s                  ; 2.69e-10 s                  ; Yes                        ; Yes                        ; 2.62 V                      ; 4.05e-08 V                  ; 2.72 V             ; -0.0349 V          ; 0.173 V                             ; 0.1 V                               ; 2.72e-10 s                 ; 2.69e-10 s                 ; Yes                       ; Yes                       ;
; rx_msg[1]     ; 2.5 V        ; 0 s                 ; 0 s                 ; 2.62 V                       ; 4.05e-08 V                   ; 2.72 V              ; -0.0349 V           ; 0.173 V                              ; 0.1 V                                ; 2.72e-10 s                  ; 2.69e-10 s                  ; Yes                        ; Yes                        ; 2.62 V                      ; 4.05e-08 V                  ; 2.72 V             ; -0.0349 V          ; 0.173 V                             ; 0.1 V                               ; 2.72e-10 s                 ; 2.69e-10 s                 ; Yes                       ; Yes                       ;
; rx_msg[2]     ; 2.5 V        ; 0 s                 ; 0 s                 ; 2.62 V                       ; 4.05e-08 V                   ; 2.72 V              ; -0.0349 V           ; 0.173 V                              ; 0.1 V                                ; 2.72e-10 s                  ; 2.69e-10 s                  ; Yes                        ; Yes                        ; 2.62 V                      ; 4.05e-08 V                  ; 2.72 V             ; -0.0349 V          ; 0.173 V                             ; 0.1 V                               ; 2.72e-10 s                 ; 2.69e-10 s                 ; Yes                       ; Yes                       ;
; rx_msg[3]     ; 2.5 V        ; 0 s                 ; 0 s                 ; 2.62 V                       ; 4.05e-08 V                   ; 2.72 V              ; -0.0349 V           ; 0.173 V                              ; 0.1 V                                ; 2.72e-10 s                  ; 2.69e-10 s                  ; Yes                        ; Yes                        ; 2.62 V                      ; 4.05e-08 V                  ; 2.72 V             ; -0.0349 V          ; 0.173 V                             ; 0.1 V                               ; 2.72e-10 s                 ; 2.69e-10 s                 ; Yes                       ; Yes                       ;
; rx_msg[4]     ; 2.5 V        ; 0 s                 ; 0 s                 ; 2.62 V                       ; 4.05e-08 V                   ; 2.72 V              ; -0.0349 V           ; 0.173 V                              ; 0.1 V                                ; 2.72e-10 s                  ; 2.69e-10 s                  ; Yes                        ; Yes                        ; 2.62 V                      ; 4.05e-08 V                  ; 2.72 V             ; -0.0349 V          ; 0.173 V                             ; 0.1 V                               ; 2.72e-10 s                 ; 2.69e-10 s                 ; Yes                       ; Yes                       ;
; rx_msg[5]     ; 2.5 V        ; 0 s                 ; 0 s                 ; 2.62 V                       ; 4.05e-08 V                   ; 2.72 V              ; -0.0349 V           ; 0.173 V                              ; 0.1 V                                ; 2.72e-10 s                  ; 2.69e-10 s                  ; Yes                        ; Yes                        ; 2.62 V                      ; 4.05e-08 V                  ; 2.72 V             ; -0.0349 V          ; 0.173 V                             ; 0.1 V                               ; 2.72e-10 s                 ; 2.69e-10 s                 ; Yes                       ; Yes                       ;
; rx_msg[6]     ; 2.5 V        ; 0 s                 ; 0 s                 ; 2.62 V                       ; 4.05e-08 V                   ; 2.72 V              ; -0.0349 V           ; 0.173 V                              ; 0.1 V                                ; 2.72e-10 s                  ; 2.69e-10 s                  ; Yes                        ; Yes                        ; 2.62 V                      ; 4.05e-08 V                  ; 2.72 V             ; -0.0349 V          ; 0.173 V                             ; 0.1 V                               ; 2.72e-10 s                 ; 2.69e-10 s                 ; Yes                       ; Yes                       ;
; rx_msg[7]     ; 2.5 V        ; 0 s                 ; 0 s                 ; 2.62 V                       ; 4.05e-08 V                   ; 2.72 V              ; -0.0349 V           ; 0.173 V                              ; 0.1 V                                ; 2.72e-10 s                  ; 2.69e-10 s                  ; Yes                        ; Yes                        ; 2.62 V                      ; 4.05e-08 V                  ; 2.72 V             ; -0.0349 V          ; 0.173 V                             ; 0.1 V                               ; 2.72e-10 s                 ; 2.69e-10 s                 ; Yes                       ; Yes                       ;
; rx_parity     ; 2.5 V        ; 0 s                 ; 0 s                 ; 2.62 V                       ; 4.05e-08 V                   ; 2.72 V              ; -0.0349 V           ; 0.173 V                              ; 0.1 V                                ; 2.72e-10 s                  ; 2.69e-10 s                  ; Yes                        ; Yes                        ; 2.62 V                      ; 4.05e-08 V                  ; 2.72 V             ; -0.0349 V          ; 0.173 V                             ; 0.1 V                               ; 2.72e-10 s                 ; 2.69e-10 s                 ; Yes                       ; Yes                       ;
; rx_complete   ; 2.5 V        ; 0 s                 ; 0 s                 ; 2.62 V                       ; 4.05e-08 V                   ; 2.72 V              ; -0.0349 V           ; 0.173 V                              ; 0.1 V                                ; 2.72e-10 s                  ; 2.69e-10 s                  ; Yes                        ; Yes                        ; 2.62 V                      ; 4.05e-08 V                  ; 2.72 V             ; -0.0349 V          ; 0.173 V                             ; 0.1 V                               ; 2.72e-10 s                 ; 2.69e-10 s                 ; Yes                       ; Yes                       ;
; ~ALTERA_DCLK~ ; 2.5 V        ; 0 s                 ; 0 s                 ; 2.62 V                       ; 2.22e-08 V                   ; 2.74 V              ; -0.06 V             ; 0.158 V                              ; 0.08 V                               ; 2.68e-10 s                  ; 2.19e-10 s                  ; Yes                        ; Yes                        ; 2.62 V                      ; 2.22e-08 V                  ; 2.74 V             ; -0.06 V            ; 0.158 V                             ; 0.08 V                              ; 2.68e-10 s                 ; 2.19e-10 s                 ; Yes                       ; Yes                       ;
; ~ALTERA_nCEO~ ; 2.5 V        ; 0 s                 ; 0 s                 ; 2.62 V                       ; 3.54e-08 V                   ; 2.7 V               ; -0.00943 V          ; 0.276 V                              ; 0.035 V                              ; 3.19e-10 s                  ; 4.99e-10 s                  ; No                         ; Yes                        ; 2.62 V                      ; 3.54e-08 V                  ; 2.7 V              ; -0.00943 V         ; 0.276 V                             ; 0.035 V                             ; 3.19e-10 s                 ; 4.99e-10 s                 ; No                        ; Yes                       ;
+---------------+--------------+---------------------+---------------------+------------------------------+------------------------------+---------------------+---------------------+--------------------------------------+--------------------------------------+-----------------------------+-----------------------------+----------------------------+----------------------------+-----------------------------+-----------------------------+--------------------+--------------------+-------------------------------------+-------------------------------------+----------------------------+----------------------------+---------------------------+---------------------------+


+-------------------------------------------------------------------+
; Setup Transfers                                                   ;
+------------+----------+----------+----------+----------+----------+
; From Clock ; To Clock ; RR Paths ; FR Paths ; RF Paths ; FF Paths ;
+------------+----------+----------+----------+----------+----------+
; clk_3125   ; clk_3125 ; 14373    ; 0        ; 0        ; 0        ;
+------------+----------+----------+----------+----------+----------+
Entries labeled "false path" only account for clock-to-clock false paths and not path-based false paths. As a result, actual path counts may be lower than reported.


+-------------------------------------------------------------------+
; Hold Transfers                                                    ;
+------------+----------+----------+----------+----------+----------+
; From Clock ; To Clock ; RR Paths ; FR Paths ; RF Paths ; FF Paths ;
+------------+----------+----------+----------+----------+----------+
; clk_3125   ; clk_3125 ; 14373    ; 0        ; 0        ; 0        ;
+------------+----------+----------+----------+----------+----------+
Entries labeled "false path" only account for clock-to-clock false paths and not path-based false paths. As a result, actual path counts may be lower than reported.


---------------
; Report TCCS ;
---------------
No dedicated SERDES Transmitter circuitry present in device or used in design


---------------
; Report RSKM ;
---------------
No non-DPA dedicated SERDES Receiver circuitry present in device or used in design


+------------------------------------------------+
; Unconstrained Paths Summary                    ;
+---------------------------------+-------+------+
; Property                        ; Setup ; Hold ;
+---------------------------------+-------+------+
; Illegal Clocks                  ; 0     ; 0    ;
; Unconstrained Clocks            ; 0     ; 0    ;
; Unconstrained Input Ports       ; 1     ; 1    ;
; Unconstrained Input Port Paths  ; 45    ; 45   ;
; Unconstrained Output Ports      ; 10    ; 10   ;
; Unconstrained Output Port Paths ; 10    ; 10   ;
+---------------------------------+-------+------+


+------------------------------------------+
; Clock Status Summary                     ;
+----------+----------+------+-------------+
; Target   ; Clock    ; Type ; Status      ;
+----------+----------+------+-------------+
; clk_3125 ; clk_3125 ; Base ; Constrained ;
+----------+----------+------+-------------+


+---------------------------------------------------------------------------------------------------+
; Unconstrained Input Ports                                                                         ;
+------------+--------------------------------------------------------------------------------------+
; Input Port ; Comment                                                                              ;
+------------+--------------------------------------------------------------------------------------+
; rx         ; No input delay, min/max delays, false-path exceptions, or max skew assignments found ;
+------------+--------------------------------------------------------------------------------------+


+-----------------------------------------------------------------------------------------------------+
; Unconstrained Output Ports                                                                          ;
+-------------+---------------------------------------------------------------------------------------+
; Output Port ; Comment                                                                               ;
+-------------+---------------------------------------------------------------------------------------+
; rx_complete ; No output delay, min/max delays, false-path exceptions, or max skew assignments found ;
; rx_msg[0]   ; No output delay, min/max delays, false-path exceptions, or max skew assignments found ;
; rx_msg[1]   ; No output delay, min/max delays, false-path exceptions, or max skew assignments found ;
; rx_msg[2]   ; No output delay, min/max delays, false-path exceptions, or max skew assignments found ;
; rx_msg[3]   ; No output delay, min/max delays, false-path exceptions, or max skew assignments found ;
; rx_msg[4]   ; No output delay, min/max delays, false-path exceptions, or max skew assignments found ;
; rx_msg[5]   ; No output delay, min/max delays, false-path exceptions, or max skew assignments found ;
; rx_msg[6]   ; No output delay, min/max delays, false-path exceptions, or max skew assignments found ;
; rx_msg[7]   ; No output delay, min/max delays, false-path exceptions, or max skew assignments found ;
; rx_parity   ; No output delay, min/max delays, false-path exceptions, or max skew assignments found ;
+-------------+---------------------------------------------------------------------------------------+


+---------------------------------------------------------------------------------------------------+
; Unconstrained Input Ports                                                                         ;
+------------+--------------------------------------------------------------------------------------+
; Input Port ; Comment                                                                              ;
+------------+--------------------------------------------------------------------------------------+
; rx         ; No input delay, min/max delays, false-path exceptions, or max skew assignments found ;
+------------+--------------------------------------------------------------------------------------+


+-----------------------------------------------------------------------------------------------------+
; Unconstrained Output Ports                                                                          ;
+-------------+---------------------------------------------------------------------------------------+
; Output Port ; Comment                                                                               ;
+-------------+---------------------------------------------------------------------------------------+
; rx_complete ; No output delay, min/max delays, false-path exceptions, or max skew assignments found ;
; rx_msg[0]   ; No output delay, min/max delays, false-path exceptions, or max skew assignments found ;
; rx_msg[1]   ; No output delay, min/max delays, false-path exceptions, or max skew assignments found ;
; rx_msg[2]   ; No output delay, min/max delays, false-path exceptions, or max skew assignments found ;
; rx_msg[3]   ; No output delay, min/max delays, false-path exceptions, or max skew assignments found ;
; rx_msg[4]   ; No output delay, min/max delays, false-path exceptions, or max skew assignments found ;
; rx_msg[5]   ; No output delay, min/max delays, false-path exceptions, or max skew assignments found ;
; rx_msg[6]   ; No output delay, min/max delays, false-path exceptions, or max skew assignments found ;
; rx_msg[7]   ; No output delay, min/max delays, false-path exceptions, or max skew assignments found ;
; rx_parity   ; No output delay, min/max delays, false-path exceptions, or max skew assignments found ;
+-------------+---------------------------------------------------------------------------------------+


+--------------------------+
; Timing Analyzer Messages ;
+--------------------------+
Info: *******************************************************************
Info: Running Quartus Prime Timing Analyzer
    Info: Version 20.1.1 Build 720 11/11/2020 SJ Lite Edition
    Info: Processing started: Mon Nov 10 17:27:33 2025
Info: Command: quartus_sta uart_rx -c uart_rx
Info: qsta_default_script.tcl version: #1
Warning (18236): Number of processors has not been specified which may cause overloading on shared machines.  Set the global assignment NUM_PARALLEL_PROCESSORS in your QSF to an appropriate value for best performance.
Info (20030): Parallel compilation is enabled and will use 12 of the 12 processors detected
Info (21077): Low junction temperature is 0 degrees C
Info (21077): High junction temperature is 85 degrees C
Critical Warning (332012): Synopsys Design Constraints File file not found: 'uart_rx.sdc'. A Synopsys Design Constraints File is required by the Timing Analyzer to get proper timing constraints. Without it, the Compiler will not properly optimize the design.
Info (332142): No user constrained base clocks found in the design. Calling "derive_clocks -period 1.0"
Info (332105): Deriving Clocks
    Info (332105): create_clock -period 1.000 -name clk_3125 clk_3125
Info (332143): No user constrained clock uncertainty found in the design. Calling "derive_clock_uncertainty"
Info (332123): Deriving Clock Uncertainty. Please refer to report_sdc in the Timing Analyzer to see clock uncertainties.
Info: Found TIMING_ANALYZER_REPORT_SCRIPT_INCLUDE_DEFAULT_ANALYSIS = ON
Info: Analyzing Slow 1200mV 85C Model
Critical Warning (332148): Timing requirements not met
    Info (11105): For recommendations on closing timing, run Report Timing Closure Recommendations in the Timing Analyzer.
Info (332146): Worst-case setup slack is -4.881
    Info (332119):     Slack       End Point TNS Clock 
    Info (332119): ========= =================== =====================
    Info (332119):    -4.881            -378.792 clk_3125 
Info (332146): Worst-case hold slack is 0.343
    Info (332119):     Slack       End Point TNS Clock 
    Info (332119): ========= =================== =====================
    Info (332119):     0.343               0.000 clk_3125 
Info (332140): No Recovery paths to report
Info (332140): No Removal paths to report
Info (332146): Worst-case minimum pulse width slack is -3.000
    Info (332119):     Slack       End Point TNS Clock 
    Info (332119): ========= =================== =====================
    Info (332119):    -3.000             -91.000 clk_3125 
Info: Analyzing Slow 1200mV 0C Model
Info (334003): Started post-fitting delay annotation
Info (334004): Delay annotation completed successfully
Info (332123): Deriving Clock Uncertainty. Please refer to report_sdc in the Timing Analyzer to see clock uncertainties.
Critical Warning (332148): Timing requirements not met
    Info (11105): For recommendations on closing timing, run Report Timing Closure Recommendations in the Timing Analyzer.
Info (332146): Worst-case setup slack is -4.225
    Info (332119):     Slack       End Point TNS Clock 
    Info (332119): ========= =================== =====================
    Info (332119):    -4.225            -332.515 clk_3125 
Info (332146): Worst-case hold slack is 0.299
    Info (332119):     Slack       End Point TNS Clock 
    Info (332119): ========= =================== =====================
    Info (332119):     0.299               0.000 clk_3125 
Info (332140): No Recovery paths to report
Info (332140): No Removal paths to report
Info (332146): Worst-case minimum pulse width slack is -3.000
    Info (332119):     Slack       End Point TNS Clock 
    Info (332119): ========= =================== =====================
    Info (332119):    -3.000             -91.000 clk_3125 
Info: Analyzing Fast 1200mV 0C Model
Info (332123): Deriving Clock Uncertainty. Please refer to report_sdc in the Timing Analyzer to see clock uncertainties.
Critical Warning (332148): Timing requirements not met
    Info (11105): For recommendations on closing timing, run Report Timing Closure Recommendations in the Timing Analyzer.
Info (332146): Worst-case setup slack is -2.279
    Info (332119):     Slack       End Point TNS Clock 
    Info (332119): ========= =================== =====================
    Info (332119):    -2.279            -171.954 clk_3125 
Info (332146): Worst-case hold slack is 0.179
    Info (332119):     Slack       End Point TNS Clock 
    Info (332119): ========= =================== =====================
    Info (332119):     0.179               0.000 clk_3125 
Info (332140): No Recovery paths to report
Info (332140): No Removal paths to report
Info (332146): Worst-case minimum pulse width slack is -3.000
    Info (332119):     Slack       End Point TNS Clock 
    Info (332119): ========= =================== =====================
    Info (332119):    -3.000             -96.463 clk_3125 
Info (332102): Design is not fully constrained for setup requirements
Info (332102): Design is not fully constrained for hold requirements
Info: Quartus Prime Timing Analyzer was successful. 0 errors, 5 warnings
    Info: Peak virtual memory: 4883 megabytes
    Info: Processing ended: Mon Nov 10 17:27:36 2025
    Info: Elapsed time: 00:00:03
    Info: Total CPU time (on all processors): 00:00:02


